Unnamed: 0,Prompt,Completion,Model,Dialect,Adequacy,Fluency,Dialectal Accuracy,TVD,Copy
0,"Translate from English into Egyptian Arabic. Output only the translation, do NOT output anything else before nor after it.
It can be pulled into thin wire, which can be twisted and plaited. It can be hammered or rolled into sheets.
Translation:",ممكن يتسحب لسلك رفيع، اللي ممكن يتلف ويتضفر. ممكن يتدق أو يتلف في صفايح.,gpt-4o,egy,5,4,4,0.551115066427144,False
1,"Translate from English into Egyptian Arabic. Output only the translation, do NOT output anything else before nor after it.
They can see very well in the dark with night vision, and move very stealthily, too. Ocelots hunt their prey by blending in with their surroundings then pouncing on their prey.
Translation:",بإمكانها الرؤية جيدًا في الظلام باستخدام الرؤية الليلية، كما تتحرك بخفة. تصطاد الأوْسِلُوت فريستها عن طريق الاندماج مع محيطها ثم الانقضاض عليها.,command_r+,egy,4,3,1,0.0,False
2,"Translate from English into Egyptian Arabic. Output only the translation, do NOT output anything else before nor after it.
However, the percentage of XDR-TB in the entire group of people with tuberculosis still seems to be low; 6,000 of the total 330,000 people infected at any particular moment in South Africa.
Translation:",ومع ذلك، نسبة مرض السل المقاوم للأدوية المتعددة في المجموعة الكاملة من المصابين بالسل لا تزال تبدو منخفضة؛ ٦٠٠٠ من إجمالي ٣٣٠٠٠٠ شخص مصاب في أي لحظة معينة في جنوب أفريقيا.,gpt-4o,egy,4,4,2,0.0,False
3,"Translate from English into Egyptian Arabic. Output only the translation, do NOT output anything else before nor after it.
In the PALM trial, ZMapp served as a control, meaning scientists used it as a baseline and compared the three other treatments to it.
Translation:",في تجربة PALM، كانت ZMapp بمثابة التحكم، بمعنى أن العلماء استخدموها كخط أساس وقارنوا العلاجات الثلاثة الأخرى بها.,gpt-4o,egy,5,4,3,0.0009358993436205,False
4,"Translate from English into Egyptian Arabic. Output only the translation, do NOT output anything else before nor after it.
We perceive the Foster Care System to be a safety zone for these children.
Translation:",نحن نرى نظام الرعاية البديلة كمنطقة أمان لهؤلاء الأطفال.,gpt-4o,egy,5,5,1,0.0,False
5,"Translate from English into Egyptian Arabic. Output only the translation, do NOT output anything else before nor after it.
Prides are made up of one to three related adult males, along with as many as thirty females and cubs.
Translation:",تتكون مجموعات الأسود من واحد إلى ثلاثة ذكور بالغين مختلطين، بالإضافة إلى ما يصل إلى ثلاثين أنثى وشبل.,command_r+,egy,4,4,1,0.0,False
6,"Translate from English into Egyptian Arabic. Output only the translation, do NOT output anything else before nor after it.
A car bomb detonated at police headquarters in Gaziantep, Turkey yesterday morning killed two police officers and injured more than twenty other people.
Translation:",انفجرت سيارة مفخخة في مقر الشرطة في غازي عنتاب، تركيا صباح أمس وقتلت ضابطين شرطة وأصابت أكثر من عشرين شخصًا آخرين.,gpt-4o,egy,4,4,1,0.0,False
7,"Translate from English into Egyptian Arabic. Output only the translation, do NOT output anything else before nor after it.
The D-Day landings and the following battles had freed the north of France, but the south still wasn't free.
Translation:",نزول يوم الإنزال والمعارك التالية حررت شمال فرنسا، لكن الجنوب لسه مش حر.,gpt-4o,egy,5,5,2,0.0046981312507911,False
8,"Translate from English into Egyptian Arabic. Output only the translation, do NOT output anything else before nor after it.
The Kruger National Park (KNP) lies in the north-east of South Africa and runs along the border of Mozambique in the east, Zimbabwe in the north, and the southern border is the Crocodile River.
Translation:",حديقة كروجر الوطنية تقع في شمال شرق جنوب أفريقيا وتمتد على طول حدود موزمبيق في الشرق، زيمبابوي في الشمال، والحد الجنوبي هو نهر التماسيح.,gpt-4o,egy,5,5,1,0.0,False
9,"Translate from English into Egyptian Arabic. Output only the translation, do NOT output anything else before nor after it.
The 35mm format is actually, somewhat confusingly, 36mm in width by 24mm in height.
Translation:",صيغة الـ 35 مم هي في الواقع، بشكل مربك إلى حد ما، عرضها 36 مم وارتفاعها 24 مم.,gpt-4o,egy,5,5,2,0.0,False
10,"Translate from English into Egyptian Arabic. Output only the translation, do NOT output anything else before nor after it.
Sharks do exist, however they rarely attack humans. Most sharks are scared of humans and would swim away.
Translation:",القروش موجودة فعلاً، لكن نادراً ما تهاجم البشر. معظم القروش بتخاف من البشر وبتسبح بعيد.,gpt-4o,egy,5,5,3,0.0023925044222283,False
11,"Translate from English into Egyptian Arabic. Output only the translation, do NOT output anything else before nor after it.
This new environment has different resources and different competitors, so the new population will need different features or adaptations to be a strong competitor than what they had needed before.
Translation:",هالبيئة الجديدة فيها موارد مختلفة و منافسين مختلفين، فالسكان الجدد هيحتاجوا صفات أو تكيفات مختلفة عشان يكونوا منافسين أقوياء بشكل مختلف عن اللي كانوا محتاجينه قبل كده.,command_r+,egy,5,4,3,0.0505305364882082,False
12,"Translate from English into Egyptian Arabic. Output only the translation, do NOT output anything else before nor after it.
This offers a good opportunity to see the Aurora borealis, as the sky will be dark more or less around the clock.
Translation:",ده بيدّي فرصة كويسة عشان تشوف الشفق القطبي، لإن السما هتكون ضلمة تقريباً طول اليوم.,gpt-4o,egy,5,5,5,0.8947523182607462,False
13,"Translate from English into Egyptian Arabic. Output only the translation, do NOT output anything else before nor after it.
Science’s main goal is to figure out the way the world works through the scientific method. This method in fact guides most scientific research.
Translation:",الهدف الرئيسي للعلم هو فهم طريقة عمل العالم من خلال المنهج العلمي. في الواقع، يوجه هذا المنهج معظم الأبحاث العلمية.,command_r+,egy,5,5,4,0.0,False
14,"Translate from English into Egyptian Arabic. Output only the translation, do NOT output anything else before nor after it.
Rolando Mendoza fired his M16 rifle at the tourists.
Translation:",رولاندو ميندوزا أطلق النار من بندقيته M16 على السياح.,gpt-4o,egy,5,5,5,0.0148382827138959,False
15,"Translate from English into Egyptian Arabic. Output only the translation, do NOT output anything else before nor after it.
The Guaraní were the most significant indigenous group inhabiting what is now Eastern Paraguay, living as semi-nomadic hunters who also practised subsistence agriculture.
Translation:",كان شعب الغواراني أهم مجموعة من السكان الأصليين الذين عاشوا في ما يعرف الآن بشرق باراجواي، حيث كانوا صيادين شبه رحّل يمارسون أيضًا الزراعة الكفافية.,command_r+,egy,4,4,1,0.0016950589736349,False
16,"Translate from English into Egyptian Arabic. Output only the translation, do NOT output anything else before nor after it.
Though it is widely used, especially among non-Romani, the word ""Gypsy"" is often considered offensive because of its associations with negative stereotypes and inaccurate perceptions of Romani people.
Translation:","على الرغم من الاستخدام الواسع لهذا المصطلح، خاصة بين غير الروما، إلا أن كلمة ""غجري"" تعتبر في كثير من الأحيان كلمة مسيئة بسبب ارتباطها بالصور النمطية السلبية والمفاهيم الخاطئة عن شعب الروما.",command_r+,egy,4,3,1,0.0,False
17,"Translate from English into Egyptian Arabic. Output only the translation, do NOT output anything else before nor after it.
His 1,000th stamp was the magnificent ""Great Deeds by Swedish Kings"" by David Klöcker Ehrenstrahl in 2000, which is listed in the Guinness Book of World Records.
Translation:","ألف طابع له كان الطابع الرائع ""الأعمال العظيمة لملوك السويد"" بواسطة ديفيد كلويكر إهرنسترال في عام 2000، وهو مُدرج في كتاب جينيس للأرقام القياسية.",gpt-4o,egy,4,3,1,0.0017695470314575,False
18,"Translate from English into Egyptian Arabic. Output only the translation, do NOT output anything else before nor after it.
For example, “learning” and “socialization” are suggested as important motivations for Internet use (James et al., 1995).
Translation:","يقترح جيمس وآخرون (1995) ""التعلم"" و""التواصل الاجتماعي"" كدوافع مهمة لاستخدام الإنترنت.",command_r+,egy,5,5,2,0.0,False
19,"Translate from English into Egyptian Arabic. Output only the translation, do NOT output anything else before nor after it.
To get the best views of Hong Kong, leave the island and head for the Kowloon waterfront opposite.
Translation:",عشان تشوف أحلى مناظر لهونج كونج، سيب الجزيرة وروح للواجهة البحرية في كولون المقابلة.,gpt-4o,egy,5,5,4,0.1918676780808681,False
20,"Translate from English into Egyptian Arabic. Output only the translation, do NOT output anything else before nor after it.
Plants make their food from the sun by photosynthesis. They also provide shade.
Translation:",النباتات تصنع طعامها من الشمس عن طريق عملية البناء الضوئي. كما أنها توفر الظل.,command_r+,egy,5,5,1,0.0,False
21,"Translate from English into Egyptian Arabic. Output only the translation, do NOT output anything else before nor after it.
In 1683, Qing dynasty (1644-1912) forces take control of Taiwan’s western and northern coastal areas and declared Taiwan as a province of the Qing Empire in 1885.
Translation:",في سنة ١٦٨٣، قوات أسرة تشينغ (١٦٤٤-١٩١٢) سيطرت على المناطق الساحلية الغربية والشمالية لتايوان وأعلنت تايوان كمقاطعة تابعة لإمبراطورية تشينغ في سنة ١٨٨٥.,gpt-4o,egy,5,5,3,0.0,False
22,"Translate from English into Egyptian Arabic. Output only the translation, do NOT output anything else before nor after it.
Since Montevideo is south of the Equator, it is summer there when it's winter in the Northern Hemisphere and vice versa.
Translation:",بما إن مونتيفيديو جنوب خط الاستواء، يبقى الصيف هناك لما يكون الشتاء في نصف الكرة الشمالي والعكس صحيح.,gpt-4o,egy,4,4,3,0.0043198321864073,False
23,"Translate from English into Egyptian Arabic. Output only the translation, do NOT output anything else before nor after it.
In the PALM trial, ZMapp served as a control, meaning scientists used it as a baseline and compared the three other treatments to it.
Translation:",فى تجربة بالم، كان زيماب بمثابة عنصر تحكم، بمعنى أن العلماء استخدموه كخط أساس وقارنوا بينه وبين العلاجات الثلاثة الأخرى.,command_r+,egy,4,4,1,0.0068392407717476,False
24,"Translate from English into Egyptian Arabic. Output only the translation, do NOT output anything else before nor after it.
In the churchyard, there are interesting marble sculptures of doves over some tombs.
Translation:",في فناء الكنيسة، هناك منحوتات رخامية مثيرة للاهتمام للحمام فوق بعض القبور.,gpt-4o,egy,4,4,1,0.0,False
25,"Translate from English into Egyptian Arabic. Output only the translation, do NOT output anything else before nor after it.
Across the United States of America, there are approximately 400,000 known cases of Multiple Sclerosis (MS), leaving it as the leading neurological disease in younger and middle aged adults.
Translation:","عبر الولايات المتحدة الأمريكية، هناك ما يقرب من 400,000 حالة معروفة من التصلب المتعدد، مما يجعله المرض العصبي الرئيسي لدى الشباب والبالغين في منتصف العمر.",command_r+,egy,5,5,1,0.0,False
26,"Translate from English into Egyptian Arabic. Output only the translation, do NOT output anything else before nor after it.
While Goma is reasonably safe, any visits outside of Goma should be researched to understand the state of the fighting that persists in the North Kivu province.
Translation:",بالرغم من أن غوما آمنة إلى حد ما، إلا أنه يجب البحث عن أي زيارات خارج غوما لمعرفة حالة القتال المستمر في مقاطعة كيفو الشمالية.,command_r+,egy,4,4,1,0.0,False
27,"Translate from English into Egyptian Arabic. Output only the translation, do NOT output anything else before nor after it.
However, due to the slow communication channels, styles in the west could lag behind by 25 to 30 year.
Translation:",ومع ذلك، وبسبب بطء قنوات الاتصال، فقد تتأخر الأنماط السائدة في الغرب بما يتراوح بين 25 و30 عامًا.,command_r+,egy,4,4,1,0.0,False
28,"Translate from English into Egyptian Arabic. Output only the translation, do NOT output anything else before nor after it.
The Report opens with plea for open debate and the formation of a consensus in the United States about the policy towards the Middle East.
Translation:",يبدأ التقرير بنداء من أجل مناقشة مفتوحة وتشكيل إجماع في الولايات المتحدة حول السياسة تجاه الشرق الأوسط.,command_r+,egy,5,4,3,0.0,False
29,"Translate from English into Egyptian Arabic. Output only the translation, do NOT output anything else before nor after it.
Subcultures can be distinctive because of the age, ethnicity, class, location, and/or gender of the members.
Translation:",الثقافات الفرعية يمكن تكون مميزة بسبب العمر، العرق، الطبقة، الموقع، و/أو جنس الأعضاء.,gpt-4o,egy,5,5,4,0.0,False
30,"Translate from English into Egyptian Arabic. Output only the translation, do NOT output anything else before nor after it.
Lions are the most social cats, living in large groups called prides.
Translation:",الأسود هي أكثر القطط الاجتماعية، تعيش في مجموعات كبيرة تسمى زمر.,command_r+,egy,4,4,3,0.0,False
31,"Translate from English into Egyptian Arabic. Output only the translation, do NOT output anything else before nor after it.
It is helpful to also wear a ring (just not one that looks too expensive.
Translation:",مفيد كمان تلبس خاتم (بس مش واحد شكله غالي قوي).,gpt-4o,egy,4,4,4,0.819462410720206,False
32,"Translate from English into Egyptian Arabic. Output only the translation, do NOT output anything else before nor after it.
The Madhya Pradesh Police recovered the stolen laptop and mobile phone.
Translation:",عثرت شرطة ماديا براديش على الكمبيوتر المحمول والهاتف المحمول المسروقين.,command_r+,egy,4,4,1,0.00011210184459,False
33,"Translate from English into Egyptian Arabic. Output only the translation, do NOT output anything else before nor after it.
Due to the cluster/group of islands Japan has, Japan is often referred to, on a geographical stance, as an ""archipelago""
Translation:","نظرًا لتجمّع/مجموعة الجزر التي تمتلكها اليابان، فغالبًا ما يُشار إلى اليابان، من الناحية الجغرافية، باسم ""أرخبيل"".",command_r+,egy,5,4,1,0.0,False
34,"Translate from English into Egyptian Arabic. Output only the translation, do NOT output anything else before nor after it.
It's expected that most event tickets will cost between ¥2,500 and ¥130,000, with typical tickets costing around ¥7,000.
Translation:","من المتوقع أن معظم تذاكر الفعاليات هتكلف بين ¥2,500 و ¥130,000، والتذاكر العادية هتكلف حوالي ¥7,000.",gpt-4o,egy,5,5,2,3.0016781467079312e-05,False
35,"Translate from English into Egyptian Arabic. Output only the translation, do NOT output anything else before nor after it.
This provides us with a lot of information and material to build simulation models which help us to understand processes in our mind.
Translation:",ده بيدي معلومات ومواد كتير عشان نبني نماذج محاكاة بتخلينا نفهم العمليات اللي بتحصل في عقلنا.,command_r+,egy,4,4,5,0.9086917160383052,False
36,"Translate from English into Egyptian Arabic. Output only the translation, do NOT output anything else before nor after it.
If you only go ashore using shipboard excursions you will not need a separate visa (as of 2009).
Translation:",إذا كنت ستنزل إلى البر فقط من خلال الرحلات الاستكشافية التي تنظمها السفينة، فلن تحتاج إلى تأشيرة دخول منفصلة (اعتبارًا من عام 2009).,command_r+,egy,5,5,1,0.0,False
37,"Translate from English into Egyptian Arabic. Output only the translation, do NOT output anything else before nor after it.
The composition of these crystals matches those found in the urine of affected pets when compared by infrared spectroscopy (FTIR).
Translation:",التركيب البلوري لهذه البلورات يطابق تلك الموجودة في بول الحيوانات الأليفة المصابة عند مقارنتها بواسطة مطيافية الأشعة تحت الحمراء (FTIR).,command_r+,egy,4,4,1,0.0,False
38,"Translate from English into Egyptian Arabic. Output only the translation, do NOT output anything else before nor after it.
With two years of the end of the war, the former allies were now enemies and the Cold War began.
Translation:",بعد سنتين من نهاية الحرب، أصبح الحلفاء السابقون أعداء، وبدأت الحرب الباردة.,command_r+,egy,5,5,1,0.0,False
39,"Translate from English into Egyptian Arabic. Output only the translation, do NOT output anything else before nor after it.
After all, the leader is ultimately responsible for the success and failure of the team.
Translation:",في النهاية، القائد هو المسؤول في النهاية عن نجاح وفشل الفريق.,gpt-4o,egy,5,4,3,0.0,False
40,"Translate from English into Egyptian Arabic. Output only the translation, do NOT output anything else before nor after it.
A moderate earthquake shook western Montana at 10:08 p.m. on Monday.
Translation:",زلزال متوسط هز غرب مونتانا الساعة 10:08 مساءً يوم الاثنين.,gpt-4o,egy,5,5,3,0.0,False
41,"Translate from English into Egyptian Arabic. Output only the translation, do NOT output anything else before nor after it.
With 17,000 islands to choose from, Indonesian food is an umbrella term covering a vast variety of regional cuisines found across the nation.
Translation:",مع وجود 17000 جزيرة للاختيار من بينها، فإن الطعام الإندونيسي هو مصطلح عام يشمل مجموعة واسعة من الأطباق الإقليمية الموجودة في جميع أنحاء البلاد.,command_r+,egy,4,4,1,0.0,False
42,"Translate from English into Egyptian Arabic. Output only the translation, do NOT output anything else before nor after it.
Reindeer husbandry is an important livelihood among the Sámi and the culture surrounding the trade is important also for many with other professions.
Translation:",تربية حيوان الرنة هي مصدر رزق مهم للسكان الأصليين في منطقة سابمي، كما أن الثقافة المحيطة بهذه التجارة مهمة أيضًا للعديد من الأشخاص الذين يعملون في مهن أخرى.,command_r+,egy,5,4,1,0.0,False
43,"Translate from English into Egyptian Arabic. Output only the translation, do NOT output anything else before nor after it.
He has been unable to take the drugs needed to overcome his pain as they are banned from the Games.
Translation:",هو ما قدرش ياخد الأدوية اللي محتاجها عشان يتغلب على ألمه لأنها ممنوعة من الألعاب.,gpt-4o,egy,5,5,4,0.7349507889066089,False
44,"Translate from English into Egyptian Arabic. Output only the translation, do NOT output anything else before nor after it.
The Report opens with plea for open debate and the formation of a consensus in the United States about the policy towards the Middle East.
Translation:",التقرير يبدأ بنداء للنقاش المفتوح وتكوين إجماع في الولايات المتحدة بشأن السياسة تجاه الشرق الأوسط.,gpt-4o,egy,5,5,1,0.0,False
45,"Translate from English into Egyptian Arabic. Output only the translation, do NOT output anything else before nor after it.
The mob of people forced the King And Queen to have their carriage windows wide open.
Translation:",أجبرت الحشود الملك والملكة على إبقاء نوافذ عربتهما مفتوحة على مصراعيها.,command_r+,egy,4,4,1,0.0001853966678069,False
46,"Translate from English into Egyptian Arabic. Output only the translation, do NOT output anything else before nor after it.
Searches at security checkpoints have also become far more intrusive in the post-September 11, 2001 era.
Translation:",زادت أيضا عمليات التفتيش في نقاط التفتيش الأمنية وأصبحت أكثر تدخلا في حق الخصوصية في حقبة ما بعد 11 سبتمبر 2001.,command_r+,egy,5,4,1,0.0,False
47,"Translate from English into Egyptian Arabic. Output only the translation, do NOT output anything else before nor after it.
The Olympic gold medalist was due to swim in the 100m and 200m freestyle and in three relays at the Commonwealth Games, but due to his complaints his fitness has been in doubt.
Translation:",كان من المقرر أن يسبح الحاصل على الميدالية الذهبية الأولمبية في سباقي 100 متر و200 متر حرة، وفي ثلاثة سباقات تتابع في ألعاب الكومنولث، ولكن بسبب شكاويه، كان هناك شك حول لياقته.,command_r+,egy,3,4,1,0.0,False
48,"Translate from English into Egyptian Arabic. Output only the translation, do NOT output anything else before nor after it.
Posted speed limits are noticeably lower than in previous and subsequent sections — commonly 35-40 mph (56-64 km/h) — and strict obedience to them is even more important than otherwise.
Translation:",حدود السرعة المعلنة أقل بشكل ملحوظ من الأقسام السابقة واللاحقة — عادة 35-40 ميل في الساعة (56-64 كم/ساعة) — والطاعة الصارمة لها أكثر أهمية حتى من المعتاد.,gpt-4o,egy,4,4,1,0.0,False
49,"Translate from English into Egyptian Arabic. Output only the translation, do NOT output anything else before nor after it.
Be firm in turning down men, and don't be afraid to stand your ground (cultural differences or not, it doesn't make it ok!).
Translation:",كوني حازمة في رفض الرجال، وما تخافيش تقفي على موقفك (الاختلافات الثقافية أو لأ، ده مش بيخليه مقبول!).,gpt-4o,egy,3,4,4,0.5718125939115453,False
50,"Translate from English into Egyptian Arabic. Output only the translation, do NOT output anything else before nor after it.
Their predecessors, the Australopithecus did not walk upright as habitually.
Translation:",أسلافهم، الأسترالوبيثكس، لم يكونوا يمشوا بشكل مستقيم بشكل معتاد.,gpt-4o,egy,3,4,1,0.0002663789147214,False
51,"Translate from English into Egyptian Arabic. Output only the translation, do NOT output anything else before nor after it.
Also blogging ""forces students to become more savvy about the world around them."" The need to feed the interest of the audience inspires students to be clever and interesting (Toto, 2004).
Translation:","كمان التدوين ""بيجبر الطلاب انهم يبقوا اكتر فهمانين عن العالم اللي حواليهم."" الحاجة لتلبية اهتمام الجمهور بتلهم الطلاب انهم يكونوا أذكياء ومثيرين للاهتمام (توتو، 2004).",gpt-4o,egy,3,4,4,0.0692053352205608,False
52,"Translate from English into Egyptian Arabic. Output only the translation, do NOT output anything else before nor after it.
The wheel has changed the world in incredible ways. The biggest thing that the wheel has done for us is given us much easier and faster transportation.
Translation:",العجلة غيّرت العالم بطرق مذهلة. أكبر حاجة العجلة عملتها لنا هي إنها وفرت لنا وسيلة نقل أسهل وأسرع بكتير.,gpt-4o,egy,5,5,5,0.0895341277196148,False
53,"Translate from English into Egyptian Arabic. Output only the translation, do NOT output anything else before nor after it.
If you visit the Arctic or Antarctic areas in the winter you will experience the polar night, which means that the sun doesn't rise above the horizon.
Translation:",لو زرتي المناطق القطبية الشمالية أو الجنوبية في الشتاء هتتعرضي لليل القطبي، وده معناه إن الشمس مش هتطلع فوق الأفق.,command_r+,egy,4,5,5,0.5458303092731143,False
54,"Translate from English into Egyptian Arabic. Output only the translation, do NOT output anything else before nor after it.
Saltwater Crocodiles do not actively live in the ocean, their primary habitat is in river estuaries north from Rockhampton.
Translation:",تماسيح المياه المالحة لا تعيش في المحيط بشكل نشط، موطنها الأساسي هو مصبات الأنهار شمال روكهامبتون.,command_r+,egy,5,5,1,5.157958064542362e-05,False
55,"Translate from English into Egyptian Arabic. Output only the translation, do NOT output anything else before nor after it.
Soon after the outbreak of hostilities, Britain initiated a naval blockade of Germany.
Translation:",قريبًا بعد اندلاع الأعمال العدائية، بدأت بريطانيا حصارًا بحريًا على ألمانيا.,gpt-4o,egy,4,5,1,0.0,False
56,"Translate from English into Egyptian Arabic. Output only the translation, do NOT output anything else before nor after it.
Romanticism had a large element of cultural determinism, drawn from writers such as Goethe, Fichte, and Schlegel.
Translation:",احتوت الرومانسية على عنصر كبير من الحتمية الثقافية، والمستمدة من كتاب مثل جوته، وفشته، وشليجل.,command_r+,egy,4,5,1,0.0003254891624735,False
57,"Translate from English into Egyptian Arabic. Output only the translation, do NOT output anything else before nor after it.
Traffic Flow is the study of the movement of individual drivers and vehicles between two points and the interactions they make with one another.
Translation:",دراسة حركة المرور هي دراسة حركة السائقين والمركبات بين نقطتين والتفاعلات اللي بيعملوها مع بعض.,gpt-4o,egy,4,4,2,0.0001720729501497,False
58,"Translate from English into Egyptian Arabic. Output only the translation, do NOT output anything else before nor after it.
It isn’t alone though, experimentation, and an experiment is a test that is used to eliminate one or more of the possible hypotheses, asking questions, and making observations also guide scientific research.
Translation:",لكنها لا تنفرد بذلك، فالاختبار، والتجربة اختبار يستخدم لإقصاء فرضية أو أكثر من الفرضيات المحتملة، وطرح الأسئلة، وملاحظة الملاحظات توجه أيضًا البحث العلمي.,command_r+,egy,4,5,1,0.0,False
59,"Translate from English into Egyptian Arabic. Output only the translation, do NOT output anything else before nor after it.
The central authority of the church had been in Rome for over a thousand years and this concentration of power and money led many to question whether this tenet was being met.
Translation:",السلطة المركزية للكنيسة كانت في روما لأكثر من ألف سنة وتركز القوة والمال ده خلّى كتيرين يشكّوا إذا كان المبدأ ده بيتحقق ولا لأ.,gpt-4o,egy,4,4,2,0.6382005688639012,False
60,"Translate from English into Egyptian Arabic. Output only the translation, do NOT output anything else before nor after it.
As the areas are sparsely populated, and light pollution therefore often not a problem, you will also be able to enjoy the stars.
Translation:",بما إن المناطق دي قليلة السكان، والتلوث الضوئي مش مشكلة غالبًا، هتقدر كمان تستمتع بالنجوم.,gpt-4o,egy,4,4,5,0.4790064762401158,False
61,"Translate from English into Egyptian Arabic. Output only the translation, do NOT output anything else before nor after it.
""This is not going to be goodbye. This is the closing of one chapter and the opening of a new one.""
Translation:",ده مش هيبقى وداع. دي نهاية فصل واحد وبداية فصل جديد.,gpt-4o,egy,4,5,5,0.6779811349109224,False
62,"Translate from English into Egyptian Arabic. Output only the translation, do NOT output anything else before nor after it.
No extra transport is being put on and overground trains will not stop at Wembley, and car parking and park-and-ride facilities are unavailable at the ground.
Translation:",مافيش وسائل نقل إضافية وقطارات السطح مش هتقف في ويمبلي، ومواقف السيارات وخدمات الركن والركوب مش متاحة في الملعب.,gpt-4o,egy,4,4,5,0.729401262516074,False
63,"Translate from English into Egyptian Arabic. Output only the translation, do NOT output anything else before nor after it.
According to police, the driver of the vehicle that hit the photographer is unlikely to face criminal charges.
Translation:",وفقاً للشرطة، من غير المرجح أن يواجه سائق السيارة التي صدمت المصور اتهامات جنائية.,command_r+,egy,4,5,1,0.0,False
64,"Translate from English into Egyptian Arabic. Output only the translation, do NOT output anything else before nor after it.
This can be easily done by using a relatively quiet alarm clock to bring you to consciousness without fully waking you.
Translation:",ده ممكن يتعمل بسهولة باستخدام منبه هادي نسبياً عشان يخليك توعى من غير ما تصحى تماماً.,gpt-4o,egy,5,5,5,0.5914227612644538,False
65,"Translate from English into Egyptian Arabic. Output only the translation, do NOT output anything else before nor after it.
Check that the bus you are thinking of taking goes into Hebron and not just to the nearby Jewish settlement of Kiryat Arba.
Translation:",اتأكد إن الأتوبيس اللي ناوي تركبه رايح الخليل مش مستوطنة كريات أربع اليهودية القريبة منها,command_r+,egy,3,3,5,0.4646346183998062,False
66,"Translate from English into Egyptian Arabic. Output only the translation, do NOT output anything else before nor after it.
Its long jaws were studded with more than 70 razor-sharp teeth, along with an extra set in the roof of its mouth, meaning that there was no escape for anything that crossed its path.
Translation:",فكّاه الطويلان مرصّعان بأكثر من 70 سنًا حادًا كالشفرة، بالإضافة إلى مجموعة إضافية في سقف فمه، مما يعني أنه لا مهرب لأي شيء يعترض طريقه.,command_r+,egy,4,5,1,2.3790516963983e-06,False
67,"Translate from English into Egyptian Arabic. Output only the translation, do NOT output anything else before nor after it.
Subcultures can be distinctive because of the age, ethnicity, class, location, and/or gender of the members.
Translation:",ممكن تكون الثقافات الفرعية مميزة بسبب عمر أو عرق أو طبقة أو موقع و/أو نوع أعضاءها.,command_r+,egy,4,4,1,5.2106111883554185e-05,False
68,"Translate from English into Egyptian Arabic. Output only the translation, do NOT output anything else before nor after it.
When completely brought up by non-human animals, the feral child exhibits behaviors (within physical limits) almost entirely like those of the particular care-animal, such as its fear of or indifference to humans.
Translation:",عندما يتربى الطفل البري بشكل كامل على يد حيوانات غير بشرية، فإنه يظهر سلوكيات (ضمن الحدود الجسدية) تشبه إلى حد كبير سلوكيات الحيوان المُربي، مثل خوفه من البشر أو عدم مبالاته بهم.,command_r+,egy,4,5,1,0.0,False
69,"Translate from English into Egyptian Arabic. Output only the translation, do NOT output anything else before nor after it.
Ring also settled a lawsuit with competing security company, the ADT Corporation.
Translation:",توصلت رينج أيضاً لتسوية دعوى قضائية مع شركة أمن منافسة، وهي شركة ADT.,command_r+,egy,4,5,1,0.0,False
70,"Translate from English into Egyptian Arabic. Output only the translation, do NOT output anything else before nor after it.
he cave itself, which survived the times, gives a very vivid image of Muhammad’s spiritual inclinations.
Translation:",تعطي الكهف نفسه، الذي صمد أمام تقلبات الزمن، صورة حية جداً عن الميول الروحانية لمحمد.,command_r+,egy,3,4,1,0.0,False
71,"Translate from English into Egyptian Arabic. Output only the translation, do NOT output anything else before nor after it.
Thousands of years ago, a man called Aristarchus said that the Solar System moved around the Sun.
Translation:",من آلاف السنين، قال رجل اسمه أريستارخوس إن النظام الشمسي يدور حول الشمس.,gpt-4o,egy,5,4,1,0.0021601306201379,False
72,"Translate from English into Egyptian Arabic. Output only the translation, do NOT output anything else before nor after it.
Usually you always here the sound of tourists and vendors. The story of the sound and light is just like a story book.
Translation:",عادةً بتسمع دايمًا صوت السياح والبائعين. حكاية الصوت والضوء زي حكاية كتاب.,gpt-4o,egy,4,4,4,0.0517005022185035,False
73,"Translate from English into Egyptian Arabic. Output only the translation, do NOT output anything else before nor after it.
Dr. Tony Moll discovered the Extremely Drug Resistant Tuberculosis (XDR-TB) in the South African region KwaZulu-Natal.
Translation:",اكتشف الدكتور توني مول السل شديد المقاومة للأدوية (XDR-TB) في منطقة كوازولو ناتال بجنوب أفريقيا.,command_r+,egy,4,5,4,0.0008491185532834,False
74,"Translate from English into Egyptian Arabic. Output only the translation, do NOT output anything else before nor after it.
This is just like symptomatic treatment in many cases. However, if we do not only want a temporary solution, then we should find the root of the problems, and we should deactivate them.
Translation:",ده زي العلاج العرضي في حالات كتيرة. بس لو مش عايزين حل مؤقت بس، لازم ندور على أصل المشاكل ونعطلها.,gpt-4o,egy,4,5,5,0.9476540232192292,False
75,"Translate from English into Egyptian Arabic. Output only the translation, do NOT output anything else before nor after it.
Poland's men's visually impaired skier Maciej Krezel and guide Anna Ogarzynska finished thirteenth in the Super-G. South Korea's Jong Seork Park finished twenty-fourth in the men's sitting Super-G.
Translation:",حصل متزلج التزلج المنحدر البولندي ماكي كرزيل ومرشده أننا أوغارزينسكا على المركز الثالث عشر في سباق التزلج الفائق. وحصل جونغ سورك بارك من كوريا الجنوبية على المركز الرابع والعشرين في سباق التزلج الفائق للرجال جلوساً.,command_r+,egy,4,5,1,0.0002427840836454,False
76,"Translate from English into Egyptian Arabic. Output only the translation, do NOT output anything else before nor after it.
These theories look at what it is about certain people that make them want the things that they do and what things in their environment will make them do or not do certain things.
Translation:",النظريات دي بتبص على ايه اللي في ناس معينة بيخليهم عايزين الحاجات اللي عايزينها وايه الحاجات في بيئتهم اللي هتخليهم يعملوا أو مابيعملوش حاجات معينة.,gpt-4o,egy,4,4,5,0.9845023074106932,False
77,"Translate from English into Egyptian Arabic. Output only the translation, do NOT output anything else before nor after it.
Shooters in the supplementary pest control trial were to be closely supervised by rangers, as the trial was monitored and its effectiveness evaluated.
Translation:",يجب أن يتم الإشراف على الرماة في تجربة مكافحة الآفات التكميلية عن كثب من قبل الحراس، حيث تم مراقبة التجربة وتقييم فعاليتها.,gpt-4o,egy,5,5,1,0.0,False
78,"Translate from English into Egyptian Arabic. Output only the translation, do NOT output anything else before nor after it.
When you went abroad at first, people were probably patient and understanding, knowing that travellers in a new country need to adapt.
Translation:",لما سافرت بره أول مرة، الناس كانوا أكيد صبورين و متفهمين، عارفين إن المسافرين في بلد جديدة محتاجين يتأقلموا.,command_r+,egy,4,5,5,0.7662380112822582,False
79,"Translate from English into Egyptian Arabic. Output only the translation, do NOT output anything else before nor after it.
The central authority of the church had been in Rome for over a thousand years and this concentration of power and money led many to question whether this tenet was being met.
Translation:",كانت السلطة المركزية للكنيسة في روما لأكثر من ألف عام، وهذا التركيز للسلطة والمال دفع الكثيرين إلى التساؤل عما إذا كان هذا المبدأ يتم الوفاء به.,command_r+,egy,4,5,1,0.0,False
80,"Translate from English into Egyptian Arabic. Output only the translation, do NOT output anything else before nor after it.
The D-Day landings and the following battles had freed the north of France, but the south still wasn't free.
Translation:",لقد حررت إنزالات يوم النصر والمعارك التي تلتها شمال فرنسا، لكن الجنوب لم يتحرر بعد.,command_r+,egy,4,5,1,0.0,False
81,"Translate from English into Egyptian Arabic. Output only the translation, do NOT output anything else before nor after it.
There may be more maria on the near side because the crust is thinner. It was easier for lava to rise up to the surface.
Translation:",ممكن يكون في ماريّا أكتر على الجانب القريب عشان القشرة أرفع. كان أسهل للحمم إنها تطلع لسطح.,gpt-4o,egy,4,4,5,0.0073802229437683,False
82,"Translate from English into Egyptian Arabic. Output only the translation, do NOT output anything else before nor after it.
All things considered, we should not be surprised if our own ancestors solved their ""protein problem"" in somewhat the same way that chimps on the savanna do today.
Translation:","بالنظر إلى كل شيء، لا ينبغي أن نُفاجأ إذا كان أجدادنا قد حلوا ""مشكلة البروتين"" الخاصة بهم بنفس الطريقة التي يستخدمها قرود الشمبانزي في السافانا اليوم.",command_r+,egy,4,4,1,0.0,False
83,"Translate from English into Egyptian Arabic. Output only the translation, do NOT output anything else before nor after it.
Booking in advance gives the traveller peace of mind that they will have somewhere to sleep once they arrive at their destination.
Translation:",إن الحجز المسبق يمنح المسافر راحة البال بمعرفة أنه سيكون لديه مكان للنوم بمجرد وصوله إلى وجهته.,command_r+,egy,4,4,1,8.012122301925481e-07,False
84,"Translate from English into Egyptian Arabic. Output only the translation, do NOT output anything else before nor after it.
The two towers rise to a height of 83 meters, it's 378 meters long and it has two lanes of 3.50 m wide.
Translation:",يصل ارتفاع البرجين إلى 83 مترًا، وطولهما 378 مترًا، ويحتويان على ممرين بعرض 3.50 متر.,command_r+,egy,5,5,1,0.0,False
85,"Translate from English into Egyptian Arabic. Output only the translation, do NOT output anything else before nor after it.
The final match of the series will take place at Ellis Park in Johannesburg next week, when the Springboks play Australia.
Translation:",المباراة النهائية في السلسلة هتكون في إليس بارك في جوهانسبرج الأسبوع الجاي، لما السبرينجبوكس يلعبوا ضد أستراليا.,gpt-4o,egy,5,5,5,0.43723736496068,False
86,"Translate from English into Egyptian Arabic. Output only the translation, do NOT output anything else before nor after it.
At the same time, the German navy, using mainly U-boats, was trying to stop this traffic.
Translation:",في نفس الوقت، البحرية الألمانية، باستخدام الغواصات بشكل أساسي، كانت بتحاول توقف الحركة دي.,gpt-4o,egy,4,4,2,0.646861265086045,False
87,"Translate from English into Egyptian Arabic. Output only the translation, do NOT output anything else before nor after it.
Last month Iran saw its worst air disaster in years when an airliner heading to Armenia crashed, killing the 168 on board.
Translation:",الشهر اللي فات إيران شافت أسوأ كارثة جوية من سنين لما طيارة كانت رايحة أرمينيا وقعت، وقتلت الـ168 اللي كانوا على متنها.,gpt-4o,egy,4,4,4,0.5808448388644365,False
88,"Translate from English into Egyptian Arabic. Output only the translation, do NOT output anything else before nor after it.
Plants make oxygen which humans breathe, and they take in carbon-dioxide which humans exhale (that is, breathe out).
Translation:",النباتات تنتج الأكسجين الذي يتنفسه البشر، وتمتص ثاني أكسيد الكربون الذي يخرجه البشر (أي يتنفسونه).,command_r+,egy,4,5,1,0.0022055603914117,False
89,"Translate from English into Egyptian Arabic. Output only the translation, do NOT output anything else before nor after it.
The smaller the Rossby number, the less active the star with respect to magnetic reversals.
Translation:",كلما قل رقم روسبي، كلما قلت نشاطية النجم فيما يتعلق بالتغيرات المغناطيسية.,gpt-4o,egy,4,5,1,0.0,False
90,"Translate from English into Egyptian Arabic. Output only the translation, do NOT output anything else before nor after it.
The composition of these crystals matches those found in the urine of affected pets when compared by infrared spectroscopy (FTIR).
Translation:",تكوين هذه البلورات يتطابق مع تلك الموجودة في بول الحيوانات الأليفة المصابة عند مقارنتها بواسطة التحليل الطيفي بالأشعة تحت الحمراء (FTIR).,gpt-4o,egy,4,5,1,0.0,False
91,"Translate from English into Egyptian Arabic. Output only the translation, do NOT output anything else before nor after it.
This seems sensible, because the Earth doesn't feel as if it's moving, does it?
Translation:",دا يبدو منطقي، لأن الأرض لا تشعر وكأنها تتحرك، أليس كذلك؟,command_r+,egy,4,4,2,0.0008705392714127,False
92,"Translate from English into Egyptian Arabic. Output only the translation, do NOT output anything else before nor after it.
In 1990, it was added to the list of world heritage sites in danger, due to the threat of desert sands.
Translation:",فى عام 1990، أضيفت إلى قائمة مواقع التراث العالمى المعرضة للخطر، بسبب تهديد رمال الصحراء.,command_r+,egy,5,5,1,0.0,False
93,"Translate from English into Egyptian Arabic. Output only the translation, do NOT output anything else before nor after it.
With Kundalini Yoga the Kundalini energy (enlightenment energy) is awakened through yoga postures, breathing exercises, mantras and visualizations.
Translation:",مع يوغا الكونداليني، طاقة الكونداليني (طاقة التنوير) بتستيقظ من خلال أوضاع اليوغا، تمارين التنفس، المانترا والتصورات.,gpt-4o,egy,4,4,1,0.0110825777374621,False
94,"Translate from English into Egyptian Arabic. Output only the translation, do NOT output anything else before nor after it.
In 1683, Qing dynasty (1644-1912) forces take control of Taiwan’s western and northern coastal areas and declared Taiwan as a province of the Qing Empire in 1885.
Translation:",فى 1683، سيطرت قوات سلالة تشينج (1644-1912) على المناطق الساحلية الغربية والشمالية لتايوان، وأعلنت تايوان مقاطعة تابعة لإمبراطورية تشينج فى 1885.,command_r+,egy,5,5,1,0.0,False
95,"Translate from English into Egyptian Arabic. Output only the translation, do NOT output anything else before nor after it.
Lion prides act much like packs of wolves or dogs, animals surprisingly similar to lions (but not other big cats) in behavior, and also very deadly to their prey.
Translation:",قطيع الأسود بيتصرفوا زي مجموعات الدئاب أو الكلاب، حيوانات مشابهة للأسود في السلوك (بس مش باقي القطط الكبيرة)، وكمان خطيرة جداً على فريستها.,gpt-4o,egy,4,4,5,0.6978425340365355,False
96,"Translate from English into Egyptian Arabic. Output only the translation, do NOT output anything else before nor after it.
The mob of people forced the King And Queen to have their carriage windows wide open.
Translation:",الحشد من الناس أجبروا الملك والملكة على فتح نوافذ العربة على مصراعيها.,gpt-4o,egy,4,4,1,0.0032063916514953,False
97,"Translate from English into Egyptian Arabic. Output only the translation, do NOT output anything else before nor after it.
All things considered, we should not be surprised if our own ancestors solved their ""protein problem"" in somewhat the same way that chimps on the savanna do today.
Translation:","بكل الاعتبارات، ماينفعش نستغرب لو أجدادنا حلّوا ""مشكلة البروتين"" بنفس الطريقة اللي الشمبانزي بيعملوها في السافانا النهاردة.",gpt-4o,egy,4,4,5,0.6497494283018348,False
98,"Translate from English into Egyptian Arabic. Output only the translation, do NOT output anything else before nor after it.
Be firm in turning down men, and don't be afraid to stand your ground (cultural differences or not, it doesn't make it ok!).
Translation:",كوني حازمة في رفض الرجال، ولا تخافي من الوقوف في وجههم (سواء كانت هناك اختلافات ثقافية أو لا، فهذا لا يجعل الأمر مقبولاً!).,command_r+,egy,5,5,1,0.000199349554814,False
99,"Translate from English into Egyptian Arabic. Output only the translation, do NOT output anything else before nor after it.
There are many French wines to be had, but the New Zealand and Australian wines might travel better.
Translation:",في العديد من أنواع النبيذ الفرنسي المتاحة، ولكن نبيذ نيوزيلندا وأستراليا قد يكون أفضل في السفر.,command_r+,egy,4,4,1,0.0,False
