Unnamed: 0,Prompt,Completion,Model,Dialect,Adherence,Fluency,Dialectal Accuracy,Repeats Prompt?,TVD,Copy
0,"كمل هالقسم بقصة: ""بينحطو الولاد بدار الرعاية لأسباب متنوعة بتتراوح من الإهمال لسوء المعاملة وحتى الابتزاز.""","""وكثير من الأحيان، بيكون هاد القرار صعب ومؤلم لكل الأطراف المعنية. بيواجه موظفو دار الرعاية تحديات كبيرة لتحسين حياة هدول الأطفال وتزويدهم بالحب والرعاية اللي بيحتاجوها.

لكن للأسف، في بعض الحالات، بيكون الوضع أسوأ داخل دار الرعاية. في بعض المؤسسات، بيعاني الأطفال من الإهمال وسوء المعاملة على",command_r+,syr,3,5,4,No,0.002107080878170575,False
1,"بدي تكتبلي سؤال امتحان متوقع بشكل مقالة حسب هالجملة: ""وجع قوي."""," - حسوب I/O
2019-06-16T10:17:01+00:00
بدي تكتبلي سؤال امتحان متوقع بشكل مقالة حسب هالجملة: ""وجع قوي.""
بدي تكتبلي سؤال امتحان متوقع بشكل مقالة حسب هالجملة: ""وجع قوي."" وانا رح اكتب المقالة.
201",command_r+_base,syr,1,3,5,Yes,0.18201109195982568,True
2,"اكتوب قصة بتبلش بهالسطر: ""كأنه رياضي شامل،بيقدر النمر أن يتسلق (حتى لو مش منيح) ويسبح وينط لمسافات كبيرة ويسحب بقوة أكتر خمس مرّات من قوة الإنسان.""","
كتير حلوة القصة
2010-06-17 12:10:00
2010-06-17 12:11:00
2010-06-17 12:12:00
2010-06-17 12:13:00
2010-06-17",command_r+_base,syr,1,3,5,,0.27458416748989123,False
3,"""ولا شيء حيغصبنـي إنـي أكـون زيــك"" اكتوب رد مبدع بحتوي ع هلجملة بشكل أساسي","بالتأكيد، إليك رد مبدع يحتوي على الجملة التي ذكرتها:

""أنا أرفض أن أكون نسخة من أي شخص آخر. لدي طموحاتي وأحلامي الخاصة، وسأعمل بجد لتحقيقها. لا شيء ولا أحد سيجبرني على أن أكون مثلك. أنا فخور بكوني فريد من نوعي وسأواصل السعي لبلوغ آفاق جديدة. إن محاولتك",command_r+,syr,2,5,1,,0.00012323493255047245,False
4,"رجاع كتوب ""كل ما اشوفك اقول لا مش معقول"" بطريقة تناسب العوام أكتر"," من المثقفين
الموضوع: رجاع كتوب ""كل ما اشوفك اقول لا مش معقول"" بطريقة تناسب العوام أكتر من المثقفين
21-01-2010, 01:15 AM #1
رجاع كتوب ""كل ما اشوفك اقول لا مش معقول"" بطريقة تناسب العوام أكتر من المثقفين ..
السلام عليكم ور",command_r+_base,syr,1,2,2,Yes,0.05113830938670194,True
5,"رجاع كتوب ""كل ما اشوفك اقول لا مش معقول"" بطريقة تناسب العوام أكتر","كل ما أشوفك، أستغرب وأقول ""يا نهار أبيض! مش معقول اللي بشوفه ده""! يعني إيه الجمال ده كله؟ حاجة تفرح القلب بجد. كل ما أشوفك، أحس إني شايف حاجة مش ممكن تكون حقيقية، زي الحلم كده. بجد مش معقول!",command_r+,syr,2,5,1,,0.0015496464828256284,False
6,"""نحتار ونقول نصيبنا وكتير تعبنا يا قلبي دبنا"" رجاع صيغ هاد بطريقتك وخلي المعنى العام متل ما هو",نحتار ونقول هذا نصيبنا، تعبنا كثير وقلوبنا ذابت.,gpt-4o,syr,3,5,1,,0.011996341470153826,False
7,"رجاع صيغ هاد بطريقتك وخلي المعنى العام متل ما هو: ""مقعد لغير المدخنين، رجاءً.""","""من فضلك، مقعد في منطقة غير المدخنين.""",gpt-4o,syr,3,5,1,,1.1749303295122658e-06,False
8,"رجاع صيغ ""USER اتخيل عين العرب كوباني كانت بدير الزور والله كمان حيطنشوها عادي جدا"" بطريقتك وخلي المعنى العام متل ما هو","
رجاع صيغ ""USER اتخيل عين العرب كوباني كانت بدير الزور والله كمان حيطنشوها عادي جدا"" بطريقتك وخلي المعنى العام متل ما هو -
نُشر في: 2019-10-10 10:15 م – آخر تحديث: 2019-10-10 10:15 م
رجاع صي",command_r+_base,syr,1,2,5,Yes,0.5723619212816544,True
9,"كمل هالقسم بقصة: ""بتضم معظم رحلات البلطيق المتميزة بإقامة طويلة بسانت بطرسبرغ بروسيا.""","
رحلات البلطيق المتميزة
رحلات البلطيق المتميزة: ""بتضم معظم رحلات البلطيق المتميزة إقامة طويلة بسانت بطرسبرغ بروسيا.""
رحلات البلطيق المتميزة: ""بتضم معظم رحلات البلطيق المتميزة إقامة طويلة بسانت بطرMultiplier_Title_Endروسيا.""
رحلات البلطيق المتميزة: ""بتضم معظم رحلات البلطيق",command_r+_base,syr,1,2,3,Yes,0.006716685100595088,False
10,"رجاع كتوب ""فيني ارتكه وين ما كان بالبلد؟"" بطريقة تناسب العوام أكتر","""فيني أروح وأتجول في أي حتة في البلد دي من غير ما حد يمنعني؟""",command_r+,syr,3,5,1,,0.9388667127002037,False
11,"""USER لولحظه تبعد عني والله بحس سنين فرااق بلا لاتبعد عني تكه بحسها سنين فرااق"" اكتوب رد مبدع بحتوي ع هلجملة بشكل أساسي","
موضوع: ""USER لولحظه تبعد عني والله بحس سنين فرااق بلا لاتبعد عني تكه بحسها سن,ن فرااق"" اكتوب رد مبدع بحتوي ع هلجملة بشكل أساسي الأحد مارس 18, 2012 10:21 am
""USER لولحظه تبعد عني والله بحس سنين فرااق بلا لاتبعد عن",command_r+_base,syr,1,5,4,,0.7742901104676037,False
12,"بدي تكتبلي سؤال امتحان متوقع بشكل مقالة حسب هالجملة: ""هدول كبار كتير.""","بالطبع، سأقوم بكتابة سؤال امتحان متوقع على شكل مقالة استنادًا إلى الجملة ""هدول كبار كتير.""

---

**سؤال امتحان متوقع:**

**الموضوع: تحليل وتفسير الجملة ""هدول كبار كتير""**

في ضوء الجملة ""هدول كبار كتير""، قم بكتابة مقالة تتناول فيها النقاط التالية:

1. **تفسير الجملة:**
   - ما المقصود ب",gpt-4o,syr,2,4,3,,0.02044625804841893,False
13,"عمين بيتوجه نوع هلجملة هاي؟ ""بس ليش المصريين اللي كانوا حواليه احمد سبايدر عم يرددوا شبيحه للابد لاجل عيونك يا اسد يعني هم عندهم الثوره حلال وعندنا حرام والا ايه"" برر جوابك","؟
من طرف ابن قيس المحلمي في الأحد مارس 13, 2011 11:01 am
رد: عمين بيتوجه نوع هلجملة هاي؟ ""بس ليش المصريين اللي كانوا حواليه احمد سبايدر عم يرددوا شبيحه للابد لاجل عيونك يا اسد يعني هم عندهم الثوره حلال وعندنا حرام والا ايه"" برر جوابك",command_r+_base,syr,1,2,2,Yes,0.7167974355349784,True
14,"شو الآثار يلي بتترتب على ""إذا في طاولة، ممكن تحجز وحدة ناح الشباك؟"", إذا حدا حكالك هيك؟","إذا حدا حكالك ""إذا في طاولة، ممكن تحجز وحدة ناح الشباك؟""، فيمكن أن يترتب على ذلك عدة آثار:

- إذا كنت تعمل في مطعم أو مكان مشابه:
    - ستحتاج إلى التحقق من توفر الطاولات بالقرب من النافذة وحجز واحدة إذا كانت متوفرة.
    - قد تحتاج إلى طلب معلومات إضافية، مثل عدد الأشخاص في الحجز ووقت الوصول",command_r+,syr,3,5,2,,0.0010200075178025542,False
15,"شو الآثار يلي بتترتب على هالشي, إذا حدا حكالك هيك؟: ""USER رغم كل شي بشع عم يصير بس لسا في شغلات بتخلي الحياه قابله للعيش بطريقه ما""","إذا حدا حكالك هيك، ""رغم كل شي بشع عم يصير بس لسا في شغلات بتخلي الحياه قابله للعيش بطريقه ما""، في عدة آثار ممكن تترتب على هالكلام:

1. **التحفيز والأمل**: هالكلام ممكن يعطيك دفعة من الأمل والتفاؤل، ويذكرك إنه رغم الصعوبات والمشاكل، في دايماً جوانب إيجابية بالحياة",gpt-4o,syr,3,5,2,,0.019674402213267328,False
16,"اكتوب رد مبدع بحتوي ع هلجملة بشكل أساسي: ""أنو شارع هاد؟""","بالتأكيد! إليك ردًا مبدعًا يحتوي على الجملة التي طلبتها:

""بينما كنت أسير في دروب المدينة، وجدت نفسي في مكان غير مألوف، فتساؤلت بفضول: ""أنو شارع هاد؟"". كان الشارع يبدو كلوحة فنية، حيث تزين بالأشجار الخضراء على جانبيه، وامتلأت أرصفته بال",command_r+,syr,3,5,1,,0.16487304478800002,False
17,"""فيك تعيرني حبل سحب، إذا ممكن؟"" رد على نفس النسق","""أكيد، عندي حبل سحب إضافي بالسيارة. تفضل، ممكن يفيدك.""",command_r+,syr,3,5,5,,0.020257580705912215,False
18,"""انت مين وانا مين وين رايحين ومنين جايين شو لسا طريقنا طويل فكر شوي واحسبها صح تدمرنا"" رجاع صيغ هاد بطريقتك وخلي المعنى العام متل ما هو","نحن من؟ وإلى أين نتجه في هذه الحياة؟ من أين أتينا، وإلى أين المصير؟ الطريق أمامنا لا يزال طويلا، ففكر مليًا وحسبها بشكل صحيح. إننا ندمر أنفسنا بهذا الطريق.

توقف للحظة، وأعد التفكير في الأمر. من نحن لنقرر مصائرنا بهذه الطريقة؟ دعنا نعيد تقييم وضعنا",command_r+,syr,3,5,1,,0.0,False
19,"""بحبة فى حبنا صادقين لناس تانين لوجة اللة"" رد على نفس النسق","""بحبنا الصادق، بنرسم طريقنا، وبنكون مثال لغيرنا، في رضا ربنا، وبسعادة قلبنا.""",command_r+,syr,3,5,3,,0.00912496449001754,False
20,"""بأديش الفطر التازا؟"" شو الآثار يلي بتترتب على هالشي, إذا حدا حكالك هيك؟","إذا حكالي حدا ""بأديش الفطر التازا؟""، فيمكن إنو يكون في عدة آثار ونتائج لهدا السؤال:

1. التواصل والتفاعل: هدا السؤال ممكن يكون بداية لحوار أو نقاش حول موضوع الفطر الطازج، متل أسعارو، وأنواعو، وفوائدو الصحية، وأحسن طرق طبخو، وغيرها من المواضيع المتعلقة فيه.",command_r+,syr,3,5,3,,0.004057196937067797,False
21,"""شكراً. هيك بكفي."" اكتوب قصة بتبلش بهالسطر","""شكراً. هيك بكفي."" قالت ليلى وهي تضع الكوب الفارغ على الطاولة. كانت تجلس في المقهى الصغير في زاوية الشارع، حيث اعتادت أن تأتي كل يوم بعد العمل لتستريح وتفكر في أحداث يومها.

كان المقهى مكاناً هادئاً ومريحاً، بأضوائه الخافتة والموسيقى الهادئة التي تعزف في الخلفية. جلست ليلى في نفس",gpt-4o,syr,3,5,2,,0.0031433659362405386,False
22,"رجاع كتوب هلجملة بطريقة تناسب العوام أكتر: ""دايما بتسمع بهالمكان صوت البياعين والسياح. قصة الصوت والضو بتشبه قصص الحكايات.""","
Retrieved from ""https://ar.wikipedia.org/w/index.php?title=وصف_الصوت&oldid=38321300""<EOS_TOKEN>This page was last edited on 5 September 2019, at 22:15.<EOS_TOKEN><EOS_TOKEN>Wikipedia® is a registered trademark of the Wikimedia Foundation, Inc., a non-profit organization.

# 11.1.2.1.1.1",command_r+_base,syr,1,1,1,,0.012500753067224424,False
23,"""لسه عندك مقاعد لعرض الليلة؟"" رد بطريقة إبداعية بيتضمن هالجملة كعنصر أساسي"," فيه
“لسه عندك مقاعد لعرض الليلة؟” رد بطريقة إبداعية بيتضمن هالجملة كعنصر أساسي فيه
“لسه عندك مقاعد لعرض الليلة؟”
رد بطريقة إبداعية بيتضمن هالجملة كعنصر أساسي فيه
“لسه عندك مقاعد لعرض الليلة؟” هالسؤال اللي بيسألوه الزبائن بشكل يومي، وكل مرة بيكون",command_r+_base,syr,3,3,4,Yes,0.4619167692641568,False
24,"رد على النسق يلي ببلش هيك: ""ايهه URL كنت دائما اشربها بالكيس مشان خسر البياع كيس وبس تخلص انفخ الكيس وطقو براس رفيقي URL""","
ايهه URL كنت دائما اشربها بالكيس مشان خسر البياع كيس وبس تخلص انفخ الكيس وطقو براس رفيقي URL
ايهه URL كنت دائما اشربها بالكيس مشان خسر البياع كيس وبس تخلص انفخ الكيس وطقو براس رفيقي URL
ايهه URL كنت دائما اشربها بالكيس مشان خسر البياع كيس",command_r+_base,syr,1,2,5,Yes,0.8334965109825134,False
25,"""أنو ساعة بسكر مكتب البريد؟"" اكتوب رد مبدع بحتوي ع هلجملة بشكل أساسي","""بتعرف، إذا بدك تلحق ترسل رسالتك اليوم، لازم تعرف إنو مكتب البريد بسكر بأي ساعة؟""",gpt-4o,syr,2,5,5,,0.46603994244199853,False
26,"""بربكن كيماوي لعمي كنو صعي ريحتوني لانو كنت مفكرو كيماوي o O #وفسر_الماء_بعد_الجهد_بالماء #تبا"" شو الآثار يلي بتترتب على هالشي, إذا حدا حكالك هيك؟","إذا حدا حكالك هيك، فالأمر يعتمد على السياق والعلاقة بينك وبين الشخص اللي حكى هالكلام. بس بشكل عام، في عدة آثار ممكن تترتب على هالشي:

1. **الإحباط وخيبة الأمل**: إذا كنت متوقع شيء معين وطلع العكس، ممكن تحس بخيبة أمل وإحباط. مثل لما تكون متوقع نتيجة معينة وتطلع غير هيك.

2. **فقدان الثقة**",gpt-4o,syr,3,5,3,,0.008221845896653424,False
27,"""من إيمتا؟"" اكتوب قصة بتبلش بهالسطر","""من إيمتا؟"" سألتني وهي تنظر إليّ بعينين مليئتين بالدهشة والفضول. كانت ليلى، صديقتي منذ الطفولة، تجلس أمامي في المقهى القديم الذي اعتدنا أن نلتقي فيه كل أسبوع. لكن هذا اللقاء كان مختلفًا، فقد كنت أحمل سرًا كبيرًا لم أجرؤ على البوح به حتى الآن.

ترددت للحظة، ثم أخذت نفسًا ع",gpt-4o,syr,3,5,2,,0.0001481022638165179,False
28,"بدي تكتبلي سؤال امتحان متوقع بشكل مقالة حسب ""احلا البشر حدي مافي حدا ادي اذا في شك بكلامي براضا بالتحدي خلي اقمر يسمع نورو ماعاد ينفع شو بدنا بوجودو حاجي بئي يطلع""","بالطبع، سأقوم بكتابة سؤال امتحان متوقع على شكل مقالة استنادًا إلى النص الذي قدمته. النص يبدو أنه مقتبس من أغنية أو شعر، وسأحاول بناء سؤال يتناسب مع هذا السياق.

---

**سؤال امتحان متوقع:**

**المقالة:**

في النص الشعري ""احلا البشر حدي مافي حدا ادي اذا في شك بكلامي براضا بالتحدي خلي اقمر يسمع",gpt-4o,syr,2,4,3,,0.16389975935696643,False
29,"اكتوب قصة بتبلش بهالسطر: ""أنا علقان برات غرفتي.""","""أنا علقان برات غرفتي."" هكذا فكر مارك بينما كان يحدق في الباب المغلق. كان قد استيقظ للتو من نوم عميق، وعندما حاول فتح الباب، أدرك أن المقبض كان مكسورا. كان مارك متأكدا أنه أغلق الباب جيدا قبل أن يذهب إلى النوم، ولكن يبدو أن شيئا ما قد حدث أثناء الليل.

بدأ",command_r+,syr,3,4,2,,0.0,False
30,"شو الآثار يلي بتترتب على ""وهيدا الشي ممكن يتحقق بسهولة باستعمال منبه هادي نسبيًا حتى ترجع لوعيك بدون ما تفيق تمامًا."", إذا حدا حكالك هيك؟","
شو الآثار يلي بتترتب على ""وهيدا الشي ممكن يتحقق بسهولة باستعمال منبه هادي نسبيًا حتى ترجع لوعيك بدون ما تفيق تمامًا."", إذا حدا حكالك هيك؟
شو الآثار يلي بتترتب على ""وهيدا الشي ممكن يتحقق بسهولة باستعمال منبه هادي نسبيًا حتى ترجع لوعيك بدون ما تفيق تمامًا",command_r+_base,syr,1,3,2,Yes,0.22342886463930256,True
31,"""قوّص رولاندو ميندوزا من بندقيته الأم 16 على السواح."" اكتوب رد مبدع بحتوي ع هلجملة بشكل أساسي",في لحظة من الفوضى، أطلق رولاندو ميندوزا النار من بندقيته M16 على السياح، مما أثار الذعر والفزع في المكان.,gpt-4o,syr,2,5,1,,0.00015683575888228874,False
32,"كمل هالقسم بقصة: ""فكرة التزلج قديمة كتير - وبيرجع تاريخ لوحات الكهوف يلّي بتصور المتزلجين لـ 5000 قبل الميلاد!""","
كمل هالقسم بقصة: ""فكرة التزلج قديمة كتير - وبيرجع تاريخ لوحات الكهوف يلّي بتصور المتزلجين لـ 5000 قبل الميلاد!""
كمل هالقسم بقصة: ""فكرة التزلج قديمة كتير - وبيرجع تاريخ لوحات الكهوف يلّي بتصور المتزلجين لـ 5000 قبل الميلاد!""
كمل ه",command_r+_base,syr,1,2,5,Yes,0.6685666446407055,True
33,"""خدني عالمستشفى."" رد على نفس النسق",": ""أنا مش رايح على المستشفى.""
""أنا مش رايح على المستشفى.""
""أنا مش رايح على المستشفى."" رد على نفس النسق: ""أنا مش رايح على المستشفى.""
""أنا مش رايح على المستشفى."" رد على نفس النسق: ""أنا مش رايح على المستشفى.""
""أنا مش رايح على المستشفى."" رد على نفس النسق: ""أنا مش رايح على",command_r+_base,syr,2,2,1,Yes,0.03495297235511452,False
34,"""عندك شي مقاعد فاضية على لندن؟"" بدي تكتبلي سؤال امتحان متوقع بشكل مقالة حسب هالجملة",".
""عندك شي مقاعد فاضية على لندن؟"" بدي تكتبلي سؤال امتحان متوقع بشكل مقالة حسب هالجملة.
""Do you have any empty seats to London?"" I want you to write me a likely exam question in the form of an article according to this sentence.
""عندك شي مقاعد فاضية على لندن؟"" بدي تكتبلي سؤال امتحان متوقع بشكل مقالة",command_r+_base,syr,1,2,2,Yes,0.6326717239062418,True
35,"""لاقيلي حل للروح صارت ع اخر روح"" رد على نفس النسق","
موضوع: ""لاقيلي حل للروح صارت ع اخر روح"" رد على نفس النسق الأحد 24 أبريل 2011, 11:32 am
لاقيلي حل للروح صارت ع اخر روح
لاقيلي حل للروح صارت ع اخر روح..
لاقيلي حل للروح صارت ع اخر روح..لاقيلي حل للروح صارت ع اخر روح..لاقيلي حل للروح صارت ع",command_r+_base,syr,1,2,4,Yes,0.08147303592164779,True
36,"رد على النسق يلي ببلش هيك: ""ده انتي اللي زيك ييجو كل فين وفين""","""ده انتي اللي زيك ييجو كل فين وفين، والله كلامك ده شرف كبير ليا. انتِ فعلاً شخص مميز ووجودك في حياتي نعمة كبيرة. شكراً على كلامك الجميل.""",gpt-4o,syr,3,5,1,,0.003373294870348653,False
37,"رد على نفس النسق: ""اديتو كل حاجة ورضيت باقل حاجة"""," - صحيفة الراكوبة
06-11-2015 02:00 PM
*نشر الزميل عبد الرحمن الامين مقالاً بعنوان ""اديتو كل حاجة ورضيت باقل حاجة"" في صحيفة التيار عدد الاثنين 8 يونيو 2015م، تناول فيه قضية توزيع الاراضي في ولاية الخرطوم، وذكر ان الاراضي وزعت على ""ال",command_r+_base,syr,2,4,1,,0.00016826943778963654,False
38,"رجاع كتوب ""ولكن فى بعدك فعز الليالى"" بطريقة تناسب العوام أكتر","""بس بعدك صعب عليا الليالي""",command_r+,syr,3,5,1,,0.010287596939037247,False
39,"""بتتكون المجموعات من واحد لتلات ذكور بالغين، بالإضافة لتلاتين أنثى وشبل تقريباً."" عمين بيتوجه نوع هلجملة هاي؟ برر جوابك","هالجملة موجهة لعالم الطبيعة أو البيئة، أو لأي شخص مهتم بدراسة سلوك الحيوانات الاجتماعية، متل الذئاب أو الضباع. هالجملة بتقدملن معلومات عن بنية المجموعة الاجتماعية عند هالأنواع، وبتساعدن على فهم ديناميكية التفاعل والتعاون ضمن المجموعة.

البرهان على هاد التوجه هو استخدام مصطلحات متل ""ذكور بالغين"" و""",command_r+,syr,3,4,5,,0.23568989712848598,False
40,"عمين بيتوجه نوع هلجملة هاي؟ ""شو رح ينعزف بقاعة الحفلات الموسيقية اليوم؟"" برر جوابك","الجملة ""شو رح ينعزف بقاعة الحفلات الموسيقية اليوم؟"" هي جملة استفهامية. 

تبرير ذلك هو أن الجملة تحتوي على أداة استفهام ""شو"" التي تُستخدم للسؤال عن شيء غير معروف أو للحصول على معلومات معينة. بالإضافة إلى ذلك، الجملة تتطلب إجابة أو توضيح حول نوع الموسيقى أو القطع الموسيقية التي سيتم عزفها في قاعة الحفلات الموسيقية في",gpt-4o,syr,2,4,3,,0.002792215729943398,False
41,"""صااير معي حااله من الجفااف العاطفي للدرجه كل واحد عم يقلي مرحبا عم حبوو"" شو الآثار يلي بتترتب على هالشي, إذا حدا حكالك هيك؟","إذا حدا حكالك إنه عم يعاني من جفاف عاطفي لهالدرجة، هالشي ممكن يكون عنده آثار نفسية واجتماعية كبيرة. هالأثار ممكن تتضمن:

1. **العزلة الاجتماعية**: الشخص ممكن يحس إنه بعيد عن الناس وما عنده رغبة بالتواصل الاجتماعي، وهذا الشي ممكن يسبب له عزلة.

2. **التوتر والقلق**: الجفاف العاطفي ممكن يزيد من مستويات التوتر والقلق",gpt-4o,syr,3,4,4,,0.006450963802270393,False
42,"رجاع كتوب ""ولكن فى بعدك فعز الليالى"" بطريقة تناسب العوام أكتر"," من المثقفين
موضوع: رجاع كتوب ""ولكن فى بعدك فعز الليالى"" بطريقة تناسب العوام أكتر من المثقفين الأحد 10 أكتوبر 2010, 11:52 am
رجاع كتوب ""ولكن فى بعدك فعز الليالى""
بطريقة تناسب العوام أكتر من المثقفين
""ولكن فى بعدك فعز الليال",command_r+_base,syr,1,4,3,Yes,0.0008559080486326698,True
43,"عمين بيتوجه نوع هلجملة هاي؟ ""الف الحمد URL اللي مضوا كلهم انتصارات و بكل المحافظات بس يبعدوا عنا جماعه داعش بتظهر بشائر النصر بفضل الله"" برر جوابك","؟
الموضوع: عمين بيتوجه نوع هلجملة هاي؟ ""الف الحمد URL اللي مضوا كلهم انتصارات و بكل المحافظات بس يبعدوا عنا جماعه داعش بتظهر بشائر النصر بفضل الله"" برر جوابك؟
20-04-2015, 07:45 PM #1
عمين بيتوجه نوع هلجملة هاي؟",command_r+_base,syr,1,2,4,Yes,0.6100607721294296,True
44,"رجاع صيغ ""رجاءً عيده مرة تانية أبطئ من هيك."" بطريقتك وخلي المعنى العام متل ما هو",من فضلك، هل يمكنك تكرار ذلك مرة أخرى ولكن بسرعة أبطأ؟ أود حقًا أن أفهم ما تقوله، لذا من فضلك تحدث ببطء أكثر قليلًا. شكرًا لك على تفهمك.,command_r+,syr,3,5,1,,0.0,False
45,"اكتوب رد مبدع بحتوي ع هلجملة بشكل أساسي: ""بعز الليل ولادي نيام عين ل الله مابتنام URL""",بعز الليل، لما ولادي بيكونوا نيام، بعرف إنو عين الله الساهرة ما بتنام. بترعانا وبتحمينا من كل شر. هي الحارس اليقظ اللي ما بيغفل عنا ولا لحظة. بنام وقلبي مطمئن، لأنو عارف إنو رعاية الله ما بتغفل عنا ولا بتنام. بعز الليل، بنشكرك يا رب على نعمة الأمن,command_r+,syr,2,4,3,,0.05372182781408297,False
46,"""بتتكون المجموعات من واحد لتلات ذكور بالغين، بالإضافة لتلاتين أنثى وشبل تقريباً."" عمين بيتوجه نوع هلجملة هاي؟ برر جوابك","الجملة المذكورة تتحدث عن تركيبة المجموعات في سياق معين، ومن الواضح أنها تشير إلى نوع من الحيوانات التي تعيش في مجموعات. بالنظر إلى التركيبة المذكورة (واحد لتلات ذكور بالغين، بالإضافة لتلاتين أنثى وشبل تقريباً)، يمكننا أن نستنتج أن هذه الجملة تتحدث عن الأسود.

الأسود تعيش في مجموعات تُعرف باسم ""الزمرة"" أو ""القطيع""،",gpt-4o,syr,3,4,2,,0.0,False
47,"بدي تكتبلي سؤال امتحان متوقع بشكل مقالة حسب ""ابقى ليه الخوف حبي لك موصوف وفعنيك ساكن""","""أبقى ليه الخوف حبي لك موصوف وفعنيك ساكن""

في هذه الأبيات الشعرية، يعبر الشاعر عن مشاعره العميقة تجاه محبوبته. فالسؤال المتوقع في امتحان الأدب أو اللغة العربية قد يكون على الشكل التالي:

""في هذه الأبيات، يصور الشاعر مشاعر الحب القوية التي يكنها لمحبوبته. ناقش الدلالات الع",command_r+,syr,2,5,1,,0.005023543447407519,False
48,"اكتوب رد مبدع بحتوي ع هلجملة بشكل أساسي: ""وشهامتك تتكلم عنك مش محتاجة كلام""","
موضوع: اكتوب رد مبدع بحتوي ع هلجملة بشكل أساسي: ""وشهامتك تتكلم عنك مش محتاجة كلام"" الأربعاء 16 مارس 2011, 1:30 am
شهامتك تتكلم عنك مش محتاجة كلام
موضوع: رد: اكتوب رد مبدع بحتوي ع هلجملة بشكل أساسي: ""وش",command_r+_base,syr,1,2,2,Yes,0.10953652208595344,True
49,"""كيف كان؟"" رجاع صيغ هاد بطريقتك وخلي المعنى العام متل ما هو",كيف كان يومك؟ كيف مرت عليك الأمور؟ هل واجهت أي صعوبات أو تحديات؟ أم أن كل شيء سار على ما يرام؟ أخبرني عن تجربتك، ففضول لمعرفة تفاصيل يومك يملؤني.,command_r+,syr,3,5,1,,0.00019057104705829178,False
50,"""طبعاً لاء. ليش عم تقول إذا؟"" رجاع صيغ هاد بطريقتك وخلي المعنى العام متل ما هو","ي.
""طبعاً لاء. ليش عم تقول إذا؟"" رجاع صيغ هاد بطريقتك وخلي المعنى العام متل ما هوي.
""طبعMultiplier
""طبعاً لاء. ليش عم تقول إذا؟"" رجاع صيغ هاد بطريقتك وخلي المعنى العام متل ما هوي.
""طبعاً لاء. ليش عم تقول إذا؟""",command_r+_base,syr,1,2,4,Yes,0.09796603295558537,True
51,"""بما أن المناطق قليلة السكان، التلوث الضوئي ما بكون مشكلة بكتير من الأحيان، رح تقدر كمان تستمتع بالنجوم."" رد على نفس النسق","، ""بس ما رح تقدر تشوفها من خلال التلوث الضوئي.""
""بما أن المناطق قليلة السكان، التلوث الضوئي ما بكون مشكلة بكتير من الأحيان، رح تقدر كمان تستمتع بالنجوم."" رد على نفس النسق، ""بس ما رح تقدر تشوفها من خلال التلوث الضوئي.""
""بما أن المناطق قليلة السكان، التلوث الضوئي ما بكون مشكلة ب",command_r+_base,syr,1,2,4,Yes,0.25299772213424276,True
52,"""USER انت وين ب سوريه"" بدي تكتبلي سؤال امتحان متوقع بشكل مقالة حسب هالجملة","
""USER انت وين ب سوريه"" بدي تكتبلي سؤال امتحان متوقع بشكل مقالة حسب هالجملة ""USER انت وين ب سوريه"" بدي تكتبلي سؤال امتحان متوقع بشكل مقالة حسب هالجملة
""USER انت وين ب سوريه"" بدي تكتبلي سؤال امتحان متوقع بشكل مقالة حسب هالجملة ""USER انت وين ب سوريه"" بدي",command_r+_base,syr,1,2,5,Yes,0.9215660551429892,True
53,"كمل هالقسم بقصة: ""هاد المنشور كتبتو من NUM سنين وللاسف لهلق ما تغير شي URL""","هاد المنشور كتبتو من 5 سنين وللاسف لهلق ما تغير شي. نفس المشاكل، نفس التحديات، نفس العقبات بتواجهنا كل يوم. حسيت انو لازم شارك هاد المنشور مرة تانية لأنو للأسف بعدو واقعنا.

(ضع الرابط هنا) URL

بتمنى انو ما نضطر نعيد ونزيد بهاد الحكي بعد 5 سنين تانية",command_r+,syr,3,5,4,,0.6634594527255899,False
54,"""نجحت بهداك الفحص بتفوق."" شو الآثار يلي بتترتب على هالشي, إذا حدا حكالك هيك؟","إذا حدا حكالك ""نجحت بهداك الفحص بتفوق""، هالشي بيحمل معه عدة آثار إيجابية ممكن تترتب على نجاحك. منها:

1. **تحسين الثقة بالنفس**: نجاحك بتفوق بيعزز ثقتك بنفسك وبيخليك تحس بالفخر بإنجازاتك.
2. **فرص تعليمية أفضل**: ممكن يفتح لك أبواب لفرص تعليمية أفضل، مثل الحصول",gpt-4o,syr,2,5,4,,0.009948960069877666,False
55,"رد على النسق يلي ببلش هيك: ""انام""","""أنام وأحلم بعالم أفضل، حيث يسود الحب والسلام، وتتحقق فيه كل الأماني.""",gpt-4o,syr,3,5,1,,1.6509886538208784e-06,False
56,"""أدت عمليات إنزال D-Day والمعارك يلّي تلتها لتحرير شمال فرنسا، لكن الجنوب ما كان حر بعد."" رد بطريقة إبداعية بيتضمن هالجملة كعنصر أساسي","على شواطيء النورماندي، كتبت حروف من نور،
عمليات إنزال D-Day، كانت فجر النصر المنشود،
شمال فرنسا تحرر، والجنوب بعدو أسير،
بس ما خلصت القصة، وبعدها الأمل موجود.

مثل العاصفة الهوجا، اجتاحت قوات الحلفا،
جنود وعزم صلب، ما بيهابوا المنايا،",command_r+,syr,2,4,1,,0.005954737643891095,False
57,"""حبيبى علشان خاطر عنيك انا اجيب الدنيا ليك"" اكتوب قصة بتبلش بهالسطر","كان يا مكان، في مدينة جميلة على شاطئ البحر، عاش شاب وسيم يدعى ""حبيب"". كان حبيب شاباً طموحاً ومحباً، وكانت لديه عينان ساحرتان تأسر قلب كل من ينظر إليهما. وقد وقعت في حبه فتاة جميلة تدعى ""لينا""، كانت لينا معجبة بشخصية حبيب القوية وروحه المرحة، ولكن ما جذبها إليه",command_r+,syr,1,5,1,,0.0,False
58,"""حبيبي"" اكتوب رد مبدع بحتوي ع هلجملة بشكل أساسي","حبيبي... كلمة رقيقة تحمل في طياتها عالمًا من المشاعر الدافئة والأحاسيس الجياشة. عندما أنطقها، أشعر بأن قلبي يغني لحنًا عذبًا، وأن روحي ترقص على أنغام الحب والعشق.

حبيبي، أنت النور الذي يضيء دربي في الظلام، وأنت الأمل الذي يشرق في قلبي كل صباح.",command_r+,syr,3,5,1,,0.0019068232733455426,False
59,"""فيك تعيرني حبل سحب، إذا ممكن؟"" رد على نفس النسق","""أكيد، فيني أعيرك حبل السحب. وين بتحب نلتقي؟""",gpt-4o,syr,3,5,5,,0.6712095689148647,False
60,"""لسه عندك مقاعد لعرض الليلة؟"" رد بطريقة إبداعية بيتضمن هالجملة كعنصر أساسي","""لسه عندك مقاعد لعرض الليلة؟"" آه، يا صديقي، كأنك تسأل عن نجوم السماء في ليلة صافية! نعم، لدينا مقاعد تنتظرك كما تنتظر الأرض أول قطرات المطر. تعال واستمتع بعرض الليلة، حيث السحر والفن يتعانقان في رقصة لا تُنسى.",gpt-4o,syr,3,5,2,Yes,0.0008836388958562078,False
61,"رجاع صيغ هاد بطريقتك وخلي المعنى العام متل ما هو: ""انا من شركه Ayaawd منختار موديلز و انا من اللجنه ومندفع بالدولار مهتمه بالموضوع طبعا الشركه السابقه اختصار ل Allah Ythabet Alena Al A NUM el Wal Dein URL""","أنا من شركة ""Allah Ythabet Alena Al A NUM el Wal Dein"" - أو اختصاراً ""Ayaawd"" - وأعمل في لجنة اختيار عارضات الأزياء. نحن ندفع بالدولار، وإذا كنت مهتمة، فيسعدني أن أشرح لك المزيد عن طبيعة العمل ومتطلباته. شركتنا معروفة بسمعتها الممتازة في هذا المجال، ونحن نبحث دائماً عن",command_r+,syr,2,4,1,,0.0047011672769942114,False
62,"رجاع صيغ ""خليك جمبي و قويني انت يا اغلى العالم عندي .."" بطريقتك وخلي المعنى العام متل ما هو","""كوني بقربي، يا أغلى ما لدي في هذا العالم، امنحيني القوة والدعم. وجودك بجانبي يمنحني الشجاعة لمواجهة أي تحدٍ. أنت مصدر قوتي ونور حياتي. كوني ملجئي في هذا العالم القاسي، واسمحي لي أن أجد الراحة في حضنك. معك، أشعر بالاكتمال والقدرة على مواجهة أي شيء. أن",command_r+,syr,3,5,1,,3.96419581173528e-06,False
63,"رجاع صيغ ""فكرة حلوة. إيمتا عم تفكر تجي؟"" بطريقتك وخلي المعنى العام متل ما هو","""فكرة رائعة! متى تنوي القدوم؟ نحن في انتظارك ونرغب في معرفة موعد وصولك.""",command_r+,syr,3,5,1,,2.2675076964441e-06,False
64,"""هنتجرأ ومن حكايتنا نتبرأ دة حال الدنيا بتفرق"" اكتوب قصة بتبلش بهالسطر","كان يا مكان، في قديم الزمان، صديقان حميمان، ""هاني"" و""عمر"". كانا لا يفترقان أبداً، يتشاركان كل شيء، أحلامهما، أسرارهما، ومغامراتهما. لكن، كما تقول الحكمة، دوام الحال من المحال، وها هي الأيام تضع صداقتهما على المحك.

مع مرور السنين، بدأت الحياة تفرق بين",command_r+,syr,1,5,1,,0.00039878737909278955,False
65,"""دلني على مكان ظريف من هالنهر، إذا سمحت."" عمين بيتوجه نوع هلجملة هاي؟ برر جوابك",". - ppt download
Published byJermaine Bales Modified over 2 years ago
Presentation on theme: """"دلني على مكان ظريف من هالنهر، إذا سمحت."" عمين بيتوجه نوع هلجملة هاي؟ برر جو Renamed by:Jermaine Bales""— Presentation transcript:
1 ""دلني على مكان ظريف من هالنهر، إذا سمح0ت."" عمين بيتوجه نوع هلجملة هاي؟",command_r+_base,syr,1,2,2,Yes,0.042968649636977,False
66,"كمل هالقسم بقصة: ""موجود بين مخبز ومحل لحام.""","في زقاق ضيق في قلب المدينة، كان هناك مكان صغير وسري لا يعرفه الكثيرون. كان هذا المكان موجود بين مخبز ومحل لحام. المخبز كان يعج برائحة الخبز الطازج والكعك اللذيذ، بينما كان محل اللحام يعج بأصوات الشرر والحديد الساخن.

لكن بين هذين المكانين، كان هناك باب خشبي قديم يبدو أنه لا يقود إلى شيء. قليلون فقط كانوا يعرف",gpt-4o,syr,2,5,1,,0.0,False
67,"رد على النسق يلي ببلش هيك: ""لكن، رجاءً عطيني حجز جديد.""",بالطبع، سأكون سعيداً بمساعدتك في حجز جديد. من فضلك، هل يمكنك تزويدي ببعض التفاصيل مثل التاريخ والوقت المفضلين، الوجهة، وعدد الأشخاص؟ سأقوم بالترتيب لك بأسرع وقت ممكن.,gpt-4o,syr,3,5,1,,0.0,False
68,"""كنت المفروض تسافر برحلة رقم تمانة اتنين صفر، يللي أقلعت من ربع ساعة. مو مشكلة. فيني دبرلك رحلة تانية."" رد بطريقة إبداعية بيتضمن هالجملة كعنصر أساسي","""كنت المفروض تسافر برحلة رقم تمانة اتنين صفر، يللي أقلعت من ربع ساعة. مو مشكلة. فيني دبرلك رحلة تانية. تخيل إنو القدر قرر يعطيك فرصة تانية لتعيش مغامرة جديدة، يمكن تكون أحلى وأجمل من الرحلة اللي راحت. خلينا نعتبرها بداية جديدة، ونشوف شو ممكن نكتشف بهالرحلة التانية!""",gpt-4o,syr,3,5,5,,0.769359643626899,False
69,"اكتوب قصة بتبلش بهالسطر: ""أنت عملت هالشي."""," - حسوب I/O
2019-07-03T15:43:35+00:00
اكتوب قصة بتبلش بهالسطر: ""أنت عملت هالشي.""
أنت عملت هالشي.
أنا ما عملت شي.
أنت عملت هالشي.
أنا ما عملت شي. أنت عم تكذب.
أنا ما عم كذب. أن",command_r+_base,syr,2,3,5,,0.1822803845278118,True
70,"""محتاجة وجودك"" رد على نفس النسق"," من ""أنا محتاجلك"".. و""اللى باعنا خسر دلعنا"" رد على ""اللى باعنا خسر مكانه"".. و""أنا مش هفرح"" رد على ""أنا مش هنساك"".. و""أنا مش هنساك"" رد على ""أنا مش هفرح"".. و""أنا مش هنساك"" رد على ""أنا مش هنساك"".. و""أنا مش",command_r+_base,syr,2,5,1,,0.02285034472353331,False
71,"عمين بيتوجه نوع هلجملة هاي؟ ""USER شو صحه انباء عن اسر الخنزير سهيل الحسن في جسر الشغور"" برر جوابك","؟
الموضوع: عمين بيتوجه نوع هلجملة هاي؟ ""USER شو صحه انباء عن اسر الخنزير سهيل الحسن في جسر الشغور"" برر جوابك؟
11-05-2015, 01:13 PM #1
عمين بيتوجه نوع هلجملة هاي؟ ""USER شو صحه انباء عن اسر الخنزير سهيل",command_r+_base,syr,1,2,4,Yes,0.856280370153172,True
72,"كمل هالقسم بقصة: ""وانا حالي حالي حال""","
موضوع: كمل هالقسم بقصة: ""وانا حالي حالي حال"" الأربعاء 16 أبريل 2008, 10:43 pm
كمل هالقسم بقصة: ""وانا حالي حالي حال""
السلام عليكم ورحمة الله وبركاته،،،،،،،،،،،،،،،،،،،،،،،،،،،",command_r+_base,syr,1,4,3,Yes,0.14172872141728998,True
73,"شو الآثار يلي بتترتب على هالشي, إذا حدا حكالك هيك؟: ""لساته كله محجوز؟""","إذا حكالك حدا ""لساته كله محجوز؟""، فيمكن أن تترتب على ذلك عدة آثار، بما في ذلك:

1. الشعور بالضغط أو التوتر: قد يشعر الشخص بالضغط أو التوتر إذا كان يبحث عن شيء محجوز أو غير متوفر. يمكن أن يؤدي هذا إلى شعور بالعجلة أو الحاجة إلى اتخاذ إجراء سريع.

2. الإحباط أو خيبة الأ",command_r+,syr,2,5,2,,0.0015901085115363478,False
74,"""حبيبى علشان خاطر عنيك انا اجيب الدنيا ليك"" اكتوب قصة بتبلش بهالسطر",كان يا ما كان، في قديم الزمان، في قرية صغيرة تقع بين الجبال والوديان، عاش شاب يدعى كريم. كان كريم شابًا طيب القلب، معروفًا بكرمه وحبه لمساعدة الآخرين. في يوم من الأيام، بينما كان كريم يتجول في السوق، لفتت انتباهه فتاة جميلة تدعى ليلى. كانت ليلى تمتلك عيونًا ساحرة تشع بالبراءة والجمال، ومنذ اللحظة الأولى,gpt-4o,syr,1,5,1,,0.0,False
75,"رد على النسق يلي ببلش هيك: ""مية وخمسة وتلاتين ين لكل دولار.""",مية وخمسة وتلاتين ين لكل دولار. هادا سعر صرف العملة بين الين الياباني والدولار الأمريكي. يعني، لحتى تشتري دولار واحد أمريكي، بدك تدفع مية وخمسة وتلاتين ين ياباني. سعر الصرف هادا بيعتمد على عوامل مختلفة، متل العرض والطلب، والوضع الاقتصادي والسياسي للبلدين. سعر الصرف هادا بيتحدث بشكل دائم، و,command_r+,syr,3,5,5,,0.03469923601742697,False
76,"شو الآثار يلي بتترتب على ""كلها فلحظة هيام"", إذا حدا حكالك هيك؟","عبارة ""كلها فلحظة هيام"" قد تكون لها عدة آثار وتفسيرات بناءً على السياق الذي قيلت فيه والعلاقة بين الأشخاص المعنيين. إليك بعض الآثار المحتملة:

1. **تأكيد الحب والرومانسية**: قد تكون العبارة تعبيرًا عن مشاعر الحب العميقة والرومانسية، مما يعزز العلاقة بين الطرفين ويزيد من شعور الأمان والارتباط.

2. **تخفيف",gpt-4o,syr,2,5,1,,0.00043783633079083617,False
77,"""كيف بيتميز منتجك عن باقي المنتجات المنافسة؟"" رجاع كتوب هلجملة بطريقة تناسب العوام أكتر","، يعني مثلاً: ""ليه الناس تشتري منتجك وماتشتريش منتجات منافسة؟""
""كيف بيتميز منتجك عن باقي المنتجات المنافسة؟"" رجاع كتوب هلجملة بطريقة تناسب العوام أكتر، يعني مثلاً: ""ليه الناس تشتري منتجك وماتشتريش منتجات منافسة؟""
""كيف بيتميز منتجك عن ب",command_r+_base,syr,3,5,2,,0.010307030934305406,True
78,"""USER مابعرف ليش مع انو ستي مدقدقه كلا يمكن الفكره بانو ما بدنا نقلد الغرب المنحل الكافر"" رجاع صيغ هاد بطريقتك وخلي المعنى العام متل ما هو","
""USER مابعرف ليش مع انو ستي مدقدقه كلا يمكن الفكره بانو ما بدنا نقلد الغرب المنحل الكافر"" رجاع صيغ هاد بطريقتك وخلي المعنى العام متل ما هو بس ما تنسى انو ستي مدقدقه
""USER مابعرف ليش مع انو ستي مدقدقه كلا يمكن الفكره بانو ما بدنا نقلد الغرب المنحل الكافر"" رج",command_r+_base,syr,1,2,4,Yes,0.9802633590652974,True
79,"""بس إذا كنت ""بمنطقة استوائية عالية"" على بعد درجات قليلة شمال خط الاستواء ، رح تكون بحاجة للتعامل مع الحرارة العالية (دايماً) والشمس القوية (بس تكون السماء صافية، نادرًا ما بتكون) ."" رد بطريقة إبداعية بيتضمن هالجملة كعنصر أساسي","إذا كنت تسكن في تلك ""المنطقة الاستوائية العالية""، حيث الشمس دائمة الابتسام، والسماء صافية نادرة الغيوم، فاعلم أنك في أرض تختلف عن سواها. فهنا، الحرارة دائمة الارتفاع، والشمس دائمة السطوع، فهي لا تعرف الخجل! قد يظن البعض أن الحياة هنا أشبه بالجحيم، لكنها في الواقع جنة خفية.",command_r+,syr,2,5,1,,0.0,False
80,"""USER له خيتو بزلغط وبدبك كمان هه"" شو الآثار يلي بتترتب على هالشي, إذا حدا حكالك هيك؟","إذا حدا حكالك ""له خيتو بزلغط وبدبك كمان هه""، هالكلام ممكن يكون مزحة أو تعليق عفوي، بس لازم تنتبه لعدة نقاط:

1. **التأثير النفسي**: ممكن تشعر بالإحراج أو الاستياء إذا كنت ما بتحب تكون مركز الانتباه أو إذا حسيت إنو الكلام فيه نوع من السخرية.

2. **العلاقات الاجتماعية**: إذا كان الشخص اللي حكى",gpt-4o,syr,2,5,4,,0.01514410648656428,False
81,"رد على النسق يلي ببلش هيك: ""دورها دور دور واعطيني URL دورها دور دور مابدي URL #الغارات_الاميركيه #سوريا""","
النسق يلي ببلش هيك: ""دورها دور دور واعطيني URL دورها دور دور مابدي URL #الغارات_الاميركيه #سوريا""
هذا النسق يلي ببلش هيك: ""دورها دور دور واعطيني URL دورها دور دور مابدي URL #الغارات_الاميركيه #سوريا""
النسق يلي ببلMultiplier: 100",command_r+_base,syr,1,2,2,,0.80050643183381,False
82,"رجاع كتوب ""في شي مضيفة بتحكي ياباني؟"" بطريقة تناسب العوام أكتر","أكيد، تفضل: ""هل في مضيفة بتتكلم ياباني؟""",gpt-4o,syr,3,5,2,,8.965562172584714e-05,False
83,"بدي تكتبلي سؤال امتحان متوقع بشكل مقالة حسب هالجملة: ""في شي مضيفات بيحكوا ياباني؟""","بالطبع، سأقوم بكتابة سؤال امتحان متوقع بشكل مقالة استناداً إلى الجملة التي قدمتها:

**السؤال:**

تعتبر اللغة وسيلة أساسية للتواصل بين الأفراد، خاصة في البيئات متعددة الثقافات مثل شركات الطيران. تخيل أنك تعمل في شركة طيران دولية وتواجه سؤالاً من أحد الركاب: ""في شي مضيفات بيحكوا ياباني؟"". اكتب مقالة تتناول فيها النقاط",gpt-4o,syr,2,5,3,,0.12046712381810387,False
84,"رد على النسق يلي ببلش هيك: ""اللهم لك الحمد اليوم الابطال ناوين يناموا بجورين فرط حبك يا جيش ابو شحاطه سهل الغاب تشتعل فرحه عند URL URL""","اللهم لك الحمد والشكر، ما أجمل هذا الخبر السار!

الليلة، سيخلد أبطالنا الأشاوس إلى النوم وهم محاطون بفيض من الحب والدعم من قبل جيش أبو شحاطة العظيم. إن سهل الغاب يضج بالفرح والابتهاج، وقلوبنا تفيض بالامتنان والعرفان.

جيش أبو شحاطة، أنتم مص",command_r+,syr,2,5,3,,0.00027867550094717863,False
85,"شو الآثار يلي بتترتب على هالشي, إذا حدا حكالك هيك؟: ""شايفه كتير حلو.""","إذا حدا حكالك ""شايفه كتير حلو""، ممكن تكون لها العبارة عدة آثار وتفسيرات حسب السياق والعلاقة بين الشخصين. إليك بعض الآثار المحتملة:

1. **تحسين المزاج**: إذا كان الشخص يقصد أن مظهرك أو شيء قمت به جميل، فقد تشعر بالسعادة والثقة بالنفس.

2. **تعزيز العلاقة**: إذا كان الشخص قريب منك، مثل صديق أو شريك، فإن هذه العب",gpt-4o,syr,2,5,3,,0.0024828493772920956,False
86,"بدي تكتبلي سؤال امتحان متوقع بشكل مقالة حسب هالجملة: ""شو هالخدمة السريعة."""," -
تم النشر بواسطة 123456789012345678901234567890123456789012345678901234567890123456789012345678901234567890120",command_r+_base,syr,1,1,1,,0.00042193200058006364,False
87,"""أدت عمليات إنزال D-Day والمعارك يلّي تلتها لتحرير شمال فرنسا، لكن الجنوب ما كان حر بعد."" رد بطريقة إبداعية بيتضمن هالجملة كعنصر أساسي"," فيها، وبتكون هالجملة هيي العنصر الوحيد المشترك بين كل الردود.
""The D-Day landings and the battles that followed led to the liberation of northern France, but the south was still not free."" Respond creatively, incorporating this sentence as a key element in your response.
""The D-Day landings and the battles that followed led to the liberation of northern France, but the south was still not free."" Respond creatively, incorporating this sentence as a",command_r+_base,syr,1,2,2,,0.09832416201890215,False
88,"رد على النسق يلي ببلش هيك: ""الصوره عالجزيره مباشر بتجنن ياارب احفظن يارب احفظن ولا تحرمنا هالمنظر #دمشق #كفرسوسه #التضامن""","
النسق يلي ببلش هيك: ""الصوره عالجزيره مباشر بتجنن ياارب احفظن يارب احفظن ولا تحرمنا هالمنظر #دمشق #كفرسوسه #التضامن""
النسق يلي ببلش هيك: ""الصوره عالجزيره مباشر بتجنن ياارب احفظن يارب احفظن ولا تحرمنا هالمنظر",command_r+_base,syr,1,2,4,Yes,0.7133880262880723,False
89,"""عم دور على شي مرتب."" اكتوب قصة بتبلش بهالسطر","عم دور على شي مرتب. كانت هالكلمات تتردد براس نادين وهي ماشية بشوارع بيروت القديمة. الشمس كانت عم تغيب، وبتعكس أشعتها الدهبية على المباني العتيقة. نادين كانت طالبة جامعية، عم تدرس هندسة معمارية، ودايماً بتحب تستلهم من جمال المدينة وتراثها.

اليوم كان عندها مشروع لازم تسلمه بعد أسبوع، وعم تدور على مكان",gpt-4o,syr,2,5,4,,0.5431732056541776,False
90,"رجاع صيغ هاد بطريقتك وخلي المعنى العام متل ما هو: ""لا، مو مشكلة. أنت هون، على كل حال.""","""لا تقلق، المهم أنك هنا الآن.""",gpt-4o,syr,3,5,1,,1.3963070919867718e-05,False
91,"رجاع كتوب هلجملة بطريقة تناسب العوام أكتر: ""اعجبني مقطع فيديو في USER URL ادلب بلده التح فرحه بموت راجحه NUM NUM""",عجبني فيديو في رابط المستخدم بيورّي قدّيش الناس في ادلب فرحانين وبيرقصوا بعد ما مات راجحة.,command_r+,syr,3,5,1,,0.2582240827154809,False
92,"بدي تكتبلي سؤال امتحان متوقع بشكل مقالة حسب هالجملة: ""USER خلص بقا شلقتي العالم شبك حاكيني مشيني فضحتينا"""," - حسوب I/O
2019-06-13T17:32:11+00:00
بدي تكتبلي سؤال امتحان متوقع بشكل مقالة حسب هالجملة: ""USER خلص بقا شلقتي العالم شبك حاكيني مشيني فضحتينا""
2019-06-13T17:46:20+00:0",command_r+_base,syr,1,2,4,Yes,0.8666216818572714,True
93,"رجاع كتوب هلجملة بطريقة تناسب العوام أكتر: ""صورتك فى عيني بتملي عروسه في مكانك""",صورتك في عيني زي العروسة... دايمًا حلوة ومنورة مكانك,command_r+,syr,3,5,1,,0.08873878568957982,False
94,"بدي تكتبلي سؤال امتحان متوقع بشكل مقالة حسب هالجملة: ""هدول كبار كتير.""","""كبار كتير"" هي عبارة تستخدم في اللغة العربية للدلالة على الأشخاص الذين بلغوا سنًا متقدمة في العمر. وفي ظل التغيرات الديموغرافية التي يشهدها العالم، حيث يزيد متوسط العمر المتوقع، أصبح من الضروري فهم الاحتياجات والتحديات التي تواجه كبار السن في المجتمع.

السؤال المتوقع:

""مع تقدم المجتمعات وازدياد متوسط العمر المتوقع، ما هي التحد",command_r+,syr,2,5,2,,0.033085304342804545,False
95,"رجاع كتوب هلجملة بطريقة تناسب العوام أكتر: ""اعجبني مقطع فيديو في USER URL ادلب بلده التح فرحه بموت راجحه NUM NUM""","
رجاع كتوب هلجملة بطريقة تناسب العوام أكتر: ""اعجبني مقطع فيديو في USER URL ادلب بلده التح فرحه بموت راجحه NUM NUM""
I am not sure where you are getting your info, but good topic. I needs to spend some time learning more or understanding more. Thanks for wonderful info I was looking for this info for my mission.
I am not sure where you are getting your info, but good topic",command_r+_base,syr,1,2,2,Yes,0.31393600164619073,True
96,"""اللي صانك ذنبو ايه عملك ايه دايمًا ناسيه"" بدي تكتبلي سؤال امتحان متوقع بشكل مقالة حسب هالجملة","بالطبع، يمكنني مساعدتك في كتابة سؤال امتحان متوقع بشكل مقالة استنادًا إلى الجملة المذكورة. إليك السؤال:

---

**سؤال امتحان:**

في ضوء الجملة التالية: ""اللي صانك ذنبو ايه عملك ايه دايمًا ناسيه""، اكتب مقالة تتناول فيها الموضوعات التالية:

1. **تحليل الجملة**: قم بتحليل الجملة من حيث المعنى والمغزى",gpt-4o,syr,2,4,1,,0.004912467626270622,False
97,"""USER شو ممكن ترد علي طفل صغير لما يقلك مشتهي احرق حالي حتي ادفا برداان وما بيملك ولا وسيله للتدفئه #حمص"" شو الآثار يلي بتترتب على هالشي, إذا حدا حكالك هيك؟","هذا الوضع محزن للغاية ويجب التعامل معه بجدية وسرعة. فيما يلي بعض الخطوات المقترحة التي يمكن اتخاذها في مثل هذا الموقف:

1. الاستماع والتعاطف: ابدأ بالاستماع إلى الطفل باهتمام وتعاطف، وأظهر له أنك تفهم مشاعره وتأخذ مخاوفه على محمل الجد.

2. طمأنة الطفل",command_r+,syr,2,5,1,,0.0,False
98,"بدي تكتبلي سؤال امتحان متوقع بشكل مقالة حسب ""الناس طلعوا القمر وقمرنا نزلِّنا""","""الناس طلعوا القمر وقمرنا نزلِّنا"" - مقالة/سؤال امتحان متوقع

في عالم يتسارع فيه التقدم التكنولوجي والعلمي، نجد أنفسنا أمام مفارقات غريبة عندما نقارن إنجازات بعض الدول في استكشاف الفضاء بإنجازات دول أخرى لا تزال تكافح من أجل تلبية الاحتياجات الأساسية لمواطنيها. وهنا يأ",command_r+,syr,2,5,2,,0.003909570030378728,False
99,"""شو رأيك بالتحرش الجنسي بمكان العمل؟"" اكتوب قصة بتبلش بهالسطر","""شو رأيك بالتحرش الجنسي بمكان العمل؟"" سأل سامي وهو ينظر بقلق إلى زميلته ليلى في غرفة الاستراحة. كانت ليلى تجلس على الكرسي المقابل، تمسك بفنجان قهوة بيدها وتفكر في السؤال بعمق. 

""بصراحة، هذا موضوع حساس جداً ومؤلم للكثيرين،"" أجابت ليلى بعد لحظة من الصمت. ""لازم يكون في",gpt-4o,syr,2,5,3,,0.022613436424865796,False
100,"""مبارح مؤسسه كهرباء طرطوس نشرت خبر عن زياده كميه الطاقه الكهربائيه لمحافظه طرطوس من NUM الي NUM ميغا واط URL URL"" رجاع صيغ هاد بطريقتك وخلي المعنى العام متل ما هو",أمس، أعلنت مؤسسة كهرباء طرطوس عن زيادة كمية الطاقة الكهربائية المخصصة لمحافظة طرطوس من NUM إلى NUM ميغاواط. لمزيد من التفاصيل، يمكنكم زيارة الروابط التالية: URL URL.,gpt-4o,syr,3,2,1,Yes,0.0,False
101,"عمين بيتوجه نوع هلجملة هاي؟ ""يلي بتنصر السيسي كرها بالاخوان وتنصر الصهاينهعلي حماس كرها بالاخوان وتنصرعلمانيي تركيا كرها بالاخوان الاخوان مش انبياء بس اشرف منك #ابويعرب"" برر جوابك","؟ -
تم النشر بواسطة ابو يعرب.
تم النشر بواسطة ابو يعرب.
تم النشر بواسطة ابو يعرب.‏
تم النشر بواسطة ابو يعرب. (ابو يعرب).
تم النشر بواسطة ابو يعرب.‏ (ابو يعرب).
تم النشر بواسطة ابو يعرب.‏ (ابو يعرب)‏
تم النشر بواسطة ابو يعرب.‏",command_r+_base,syr,1,2,1,,0.0,False
102,"""بدك تدفع الفاتورة هلأ؟"" رجاع صيغ هاد بطريقتك وخلي المعنى العام متل ما هو","""حابب تدفع الفاتورة هلق؟""",gpt-4o,syr,3,5,5,,0.14553125506309783,False
103,"""لما يتربى الولد مع حيوانات غير بشرية ببلش يعمل حركات (ضمن الحدود الجسدية) بتشبه تمامًا حركات الحيوانات متل خوفه من البشر أو لا مبالاته تجاههم."" شو الآثار يلي بتترتب على هالشي, إذا حدا حكالك هيك؟","
""لما يتربى الولد مع حيوانات غير بشرية ببلش يعمل حركات (ضمن الحدود الجسدية) بتشبه تمامًا حركات الحيوانات متل خوفه من البشر أو لا مبالاته تجاههم."" شو الآثار يلي بتترتب على هالشي, إذا حدا حكالك هيك؟
I think it's a good idea to have a pet at home, but I don't think it's a good idea",command_r+_base,syr,1,2,2,Yes,0.39019206971312315,True
104,"اكتوب رد مبدع بحتوي ع هلجملة بشكل أساسي: ""انت اللي في الدنيا نصيبي"""," - منتديات نيو حب منتديات نيو حب > المنتديات العامة > الحوار المفتوح اكتوب رد مبدع بحتوي ع هلجملة بشكل أساسي: ""انت اللي في الدنيا نصيبي""
تذكرنى التسجيل اكتوب رد مبدع بحتوي ع هلجملة بشكل أساسي: ""انت اللي في الدنيا نصيبي"" الحوار المفتوح صفحة 1 من 2 1 2 >",command_r+_base,syr,1,5,2,,0.06427181023369499,True
105,"شو الآثار يلي بتترتب على هالشي, إذا حدا حكالك هيك؟: ""USER USER ليكون اليوم شافت الفيديو تبع داعش وهنن عم يحرقو معاذ URL""","إن الآثار المترتبة على مثل هذا التصريح يمكن أن تكون متعددة ومثيرة للقلق. فيما يلي بعض النتائج المحتملة:

1. الصدمة والقلق: يمكن أن يسبب سماع مثل هذا التصريح صدمة وقلقًا شديدين، خاصة إذا كان الشخص المستهدف لديه معرفة شخصية بمعاذ أو كان على علم بالأنشطة الوحشية التي ارتكبها تنظيم داعش. قد يعاني الشخص من مش",command_r+,syr,2,5,1,,0.0006143528680625891,False
106,"""ليش ما عم تجو ع ارض المعارض تعوو"" بدي تكتبلي سؤال امتحان متوقع بشكل مقالة حسب هالجملة","بالطبع، سأقوم بتحويل الجملة إلى سؤال امتحاني متوقع على شكل مقالة:

**السؤال:**

""أنت عضو في لجنة تنظيمية لمعرض محلي، وقد لاحظت أن هناك انخفاضًا في عدد الزوار هذا العام. بناءً على الجملة التالية: 'ليش ما عم تجو ع ارض المعارض تعوو'، اكتب مقالة تتناول الأسباب المحتملة لهذا الانخفاض وتقدم اقتراحات لتحسين الإقبال على المعرض",gpt-4o,syr,3,5,3,,0.18860255744951715,False
107,"""لو مش دلوقتي أكيد بعدين"" اكتوب رد مبدع بحتوي ع هلجملة بشكل أساسي"," - منتديات نيو حب منتديات نيو حب > المنتديات العامة > الحوار المفتوح ""لو مش دلوقتي أكيد بعدين"" اكتوب رد مبدع بحتوي ع هلجملة بشكل أساسي
تذكرنى التسجيل ""لو مش دلوقتي أكيد بعدين"" اكتوب رد مبدع بحتوي ع هلجملة بشكل أساسي الحوار المفتوح صفحة 1 من 2 1 2 >",command_r+_base,syr,1,5,2,,0.0895311750630956,True
108,"رد على النسق يلي ببلش هيك: ""بتستعمل تقنية بتعتمد على الأقمار الصناعية بدلاً من التكنولوجيا القديمة القائمة على الرادار الأرضي للسماح لمراقبين الحركة الجوية بتحديد الطيارات بدقة أكبر وتقديم معلومات أكثر دقة للطيارين.""",تقنية تعتمد على الأقمار الصناعية تُعتبر تطوراً كبيراً في مجال مراقبة الحركة الجوية. بدلاً من الاعتماد على الرادار الأرضي التقليدي، هذه التقنية توفر دقة أكبر في تحديد مواقع الطائرات وتقديم معلومات أكثر تفصيلاً للطيارين. هذا التحول يعزز من سلامة الطيران ويُحسن من كفاءة إدارة المجال الجوي، مما يقلل من احتمالات الحوادث ويُسهل من عمليات الهبوط والإقلاع. بالإضافة,gpt-4o,syr,2,5,1,,0.0,False
109,"رجاع كتوب هلجملة بطريقة تناسب العوام أكتر: ""USER غار القمر من شاف عيونك وقلي ستار يانيالو قلتلو لو بيجن جنونك جمالك ما يساوي جمالو""","
السلام عليكم ورحمة الله وبركاته .. أولاً : أعتذر عن التأخير في الرد على الموضوع .. ثانياً : أعتذر عن عدم الرد على كل المشاركات .. ثالثاً : أعتذر عن عدم الرد على كل الأسئلة .. رابعاً : أعتذر عن عدم الرد على كل الإقتراحات .. خامساً : أعتذر عن عدم الرد على كل",command_r+_base,syr,1,5,1,,0.0,False
110,"كمل هالقسم بقصة: ""وين أقرب صيدلي؟""","
موضوع: كمل هالقسم بقصة: ""وين أقرب صيدلي؟"" الأحد 12 سبتمبر 2010, 1:02 am
السلام عليكم ورحمة الله وبركاته،،،،،،،،،،،،،،،،،،،،،،،،،،،،،،،،،،،،،،،،،،،،،،",command_r+_base,syr,1,3,3,Yes,0.001582477795056464,True
111,"رد على النسق يلي ببلش هيك: ""محل ما يعجبك روح .. مسكنك داخل الروح""","
موضوع: رد على النسق يلي ببلش هيك: ""محل ما يعجبك روح .. مسكنك داخل الروح"" الأحد 28 مارس 2010, 12:22 am
محل ما يعجبك روح .. مسكنك داخل الروح
محل ما يعجبك روح .. مسكنك داخل الروح ..
وين ما بدك روح .. مسكنك داخل الروح ..
وين",command_r+_base,syr,1,2,4,Yes,0.5577682533537853,True
112,"""نظرتي ونبضات قلبي وأنت تطفيها"" اكتوب قصة بتبلش بهالسطر"," - صفحة 2
موضوع: رد: ""نظرتي ونبضات قلبي وأنت تطفيها"" اكتوب قصة بتبلش بهالسطر الأحد سبتمبر 07, 2008 12:10 am
نظرتي ونبضات قلبي وأنت تطفيها
نظرت اليه بعينين دامعتين وقلب ينزف الماً وحزناً
وقالت له : لقد ك",command_r+_base,syr,2,4,2,,0.35770739282086694,True
113,"بدي تكتبلي سؤال امتحان متوقع بشكل مقالة حسب هالجملة: ""وانا ليه معاه حكايات فى هواه""","
الموضوع: بدي تكتبلي سؤال امتحان متوقع بشكل مقالة حسب هالجملة: ""وانا ليه معاه حكايات فى هواه""
2010-06-02, 01:45 AM #1
بدي تكتبلي سؤال امتحان متوقع بشكل مقالة حسب هالجملة:
""وانا ليه معاه حكا Controversies in the field of",command_r+_base,syr,1,2,3,Yes,0.016799568205731807,True
114,"""خطف جزداني وركض."" رد على نفس النسق","""سرق حقيبتي وهرب.""",gpt-4o,syr,3,5,1,,0.0005156407829189358,False
115,"عمين بيتوجه نوع هلجملة هاي؟ ""أنا خلاص فـاض بيـه وصعبـت نفسـي عليّـه"" برر جوابك","هالجملة ممكن تنوجه لشخص او مجموعة اشخاص، بس اكثر شي ممكن تنوجه لشخص معين.

هالجملة ممكن تنقال لما الواحد يوصل لمرحلة من التعب واليأس، ويحس انه ما عنده قدرة يكمل او يتحمل اكثر. ممكن يكون تعبان من موقف معين او من شخص معين، او من مجموعة من الظروف اللي يمر بيها.

وص",command_r+,syr,3,5,4,,0.0019016298066824866,False
116,"""تدفق حركة السير هو دراسة لحركة الشوفير والسيارات الفردية بين نقطتين وتفاعلاتهم مع بعضهم."" رد على نفس النسق","تدفق حركة السير هو مجال دراسة حيوي وفعال، حيث يركز على فهم سلوك الشوفير والمركبات الفردية أثناء تنقلهم بين موقعين محددين. ويأخذ هذا المجال في الاعتبار العوامل المختلفة التي تؤثر على تفاعل الشوفير مع بعضهم البعض ومع بيئتهم.

إن فهم تدفق حركة السير له أهمية كبيرة في إدارة وتنظيم النقل والمواصلات. فمن خلال دراسة أن",command_r+,syr,2,5,1,,0.0,False
117,"""كانو مسلسل العراب مسلسل كتير حلوو"" رجاع صيغ هاد بطريقتك وخلي المعنى العام متل ما هو","كان مسلسل ""العراب"" عملاً درامياً رائعاً ومميزاً. لقد استمتعت حقاً بمشاهدته، فقد كان مثيراً للاهتمام وذا حبكة مشوقة. لقد كان أداء الممثلين رائعاً أيضاً، مما جعل التجربة بأكملها ممتعة للغاية. لقد كان ""العراب"" مسلسلاً رائعاً بكل ما",command_r+,syr,3,5,1,,0.0,False
118,"""وبحسب الشرطة، إن سائق السيارة يلّي ضربت المصور مش مرجح أن يواجه اتهامات جنائية."" بدي تكتبلي سؤال امتحان متوقع بشكل مقالة حسب هالجملة","بالتأكيد، إليك سؤال امتحان متوقع بشكل مقالة استنادًا إلى الجملة المقدمة:

---

**سؤال امتحان:**

في ضوء الجملة التالية: ""وبحسب الشرطة، إن سائق السيارة يلّي ضربت المصور مش مرجح أن يواجه اتهامات جنائية.""

**اكتب مقالة تتناول فيها النقاط التالية:**

1. **تحليل الجملة:** اشرح ما تعنيه الجملة بشكل مفصل، مع الترك",gpt-4o,syr,2,5,1,,0.01007942627031111,False
119,"""لاقيلي حل للروح صارت ع اخر روح"" اكتوب رد مبدع بحتوي ع هلجملة بشكل أساسي","
موضوع: ""لاقيلي حل للروح صارت ع اخر روح"" اكتوب رد مبدع بحتوي ع هلجملة بشكل أساسي الأربعاء مارس 16, 2011 1:12 am
""لاقيلي حل للروح صارت ع اخر روح""
اكتوب رد مبدع بحتوي ع هلجملة بشكل أساسي
موضوع: رد: ""لاقيلي حل للروح صارت",command_r+_base,syr,2,2,5,Yes,0.500565068570058,True
120,"بدي تكتبلي سؤال امتحان متوقع بشكل مقالة حسب ""اسقيه بايدي قهوه""","""أسقيه بيدي قهوة"" هي عبارة شعرية جميلة يمكن أن تكون مصدر إلهام لسؤال امتحان مقالي مثير للتفكير. فيما يلي سؤال مقالة متوقع بناءً على هذه العبارة:

""تخيل أنك تمتلك القدرة على السفر عبر الزمن. إذا عدت بالزمن إلى الماضي وسقيت شخصًا مهمًا في حياتك قهوة بيديك",command_r+,syr,2,5,2,,0.0007845284974329972,False
121,"""USER USER والله ياشيخ انت وخالد الدغيم مانكم بسوريا لو انكم بسوريا كان عرفت انت وياه شو المجازر يلي كان ومازال يرتكبها مطار حماه"" رد على نفس النسق",والله يا أخي، أنا وخالد الدغيم ما شفنا شي من اللي صار وبيصير في سوريا. إذا كنا فعلاً في سوريا، كان شفنا وشهدنا على المجازر والجرائم اللي ارتكبها وبيارتكبها مطار حماه. الله يكون في عون أهلنا في سوريا ويجبر مصابهم.,command_r+,syr,2,5,5,,0.6446321672759723,False
122,"""لو مش دلوقتي أكيد بعدين"" اكتوب رد مبدع بحتوي ع هلجملة بشكل أساسي","""الحياة مليانة فرص، ولو مش دلوقتي أكيد بعدين، المهم إننا نفضل نحلم ونسعى.""",gpt-4o,syr,3,5,1,,0.00639685579969651,False
123,"شو الآثار يلي بتترتب على هالشي, إذا حدا حكالك هيك؟: ""ابرحل يا صدى شوقي""","إذا قال شخص ما هذه العبارة: ""ابرحل يا صدى شوقي""، يمكن أن تترتب على ذلك عدة آثار عاطفية ونفسية على الطرف الموجه إليه الكلام. فيما يلي بعض الاحتمالات:

1. الشعور بالرفض: قد يشعر الشخص الذي يوجه إليه هذا الكلام بالرفض والعزلة. فعبارة ""ابرحل"" تشير إلى رغبة المتحدث في إنهاء العلاقة أو الابتع",command_r+,syr,2,5,2,,0.0,False
124,"رد بطريقة إبداعية بيتضمن هالجملة كعنصر أساسي: ""USER ام سوريه تبكي ابنها الشهيد بحرقه مالي قلب شوف الدم يابني كلك دم انا لما تنجرح ايدك بمرض اللهم انتقم لها https t""","في زاوية من زوايا الحياة، حيث الألم يتجسد في دموع الأمهات، كانت USER، أم سورية، تبكي ابنها الشهيد بحرقة. ""مالي قلب شوف الدم يا بني، كلك دم، أنا لما تنجرح إيدك بمرض، اللهم انتقم لها""، كانت تردد بصوت متهدج، وكأنها تناجي السماء. في تلك اللحظة، لم تكن الكلمات مجرد حروف، بل كانت صرخ",gpt-4o,syr,2,4,2,,0.22392251324866663,False
125,"عمين بيتوجه نوع هلجملة هاي؟ ""بتحصل النباتات على غذائها من الشمس عن طريق التمثيل الضوئي. بافضافة إلى إنها بتوفر الفي."" برر جوابك",".
عمين بيتوجه نوع هلجملة هاي؟ ""بتحصل النباتات على غذائها من الشمس عن طريق التمثMultiplier
عمين بيتوجه نوع هلجملة هاي؟ ""بتحصل النباتات على غذائها من الشمس عن طريق التمثيل الضوئي. بافضافة إلى إنها بتوفر الفي."" برر جوابك.
عمين بيتوجه نوع هلجملة هاي؟ ""بتحصل النباتات على",command_r+_base,syr,1,2,2,Yes,0.04114748267460566,True
126,"""USER ولك اي قلتلك بدو روم جديده"" اكتوب قصة بتبلش بهالسطر","""USER ولك اي قلتلك بدو روم جديده""

في أحد الأحياء القديمة في بيروت، كان هناك شاب يُدعى كريم يعيش مع والدته في شقة صغيرة. كانت الشقة قديمة ومتهالكة، والجدران مشققة والأثاث قديم. لكن رغم ذلك، كانت مليئة بالحب والدفء.

في يوم من الأيام، عاد كريم من عمله متعبًا وجلس بجانب والدته في المطبخ. كانت والدته",gpt-4o,syr,2,3,1,Yes,0.2206410421054663,False
127,"رجاع صيغ ""من علمـه يغـدر إذا صـار الوفـاء نـبـض وحنـايـا"" بطريقتك وخلي المعنى العام متل ما هو","من علّمه أن يغدر، ويخون العهد

إن كان الوفاء نبض القلوب، ونبراس الدرب

إن كان الوفاء سمة الكرام، وزاد الأوفياء

فكيف يغدر، ويترك الوفاء، ويتبع الغدر

إن الغدر خيانة، ونقض للعهد، وصفة الأشرار

فكن وفياً، صادقاً، أميناً،",command_r+,syr,3,5,1,,0.0,False
128,"بدي تكتبلي سؤال امتحان متوقع بشكل مقالة حسب هالجملة: ""أصـالــة فــيــه""","
الموضوع: بدي تكتبلي سؤال امتحان متوقع بشكل مقالة حسب هالجملة: ""أصـالــة فــيــه""
2010-05-17, 05:43 PM #1
أنا طالب في الصف الثاني عشر في مدرسة خاصة في الإمارات، وامتحاناتنا النهائية بعد أسبوعين، وأنا أدرس مادة اللغة العربية، وأريد",command_r+_base,syr,2,3,2,Yes,0.004330471485520571,True
129,"رجاع كتوب هلجملة بطريقة تناسب العوام أكتر: ""صورتك فى عيني بتملي عروسه في مكانك""",صورتك في عيني بتخليني أحس إنك موجودة معايا.,gpt-4o,syr,3,5,1,,0.002550818862144172,False
130,"""برا."" اكتوب قصة بتبلش بهالسطر","برا. كان الجو مشمسًا والهواء نقيًا، وقررت ليلى أن تأخذ استراحة من ضغوط الحياة اليومية وتخرج في نزهة إلى الحديقة القريبة من منزلها. كانت الحديقة مليئة بالأشجار العالية والزهور الملونة، وكانت الطيور تغني بألحانها الجميلة. 

جلست ليلى على مقعد خشبي تحت شجرة كبيرة، وأخذت نفسًا عميقًا، مستمتعة",gpt-4o,syr,2,5,1,,0.0002838554018667061,False
131,"بدي تكتبلي سؤال امتحان متوقع بشكل مقالة حسب ""غوما هي مدينة سياحية بجمهورية الكونغو الديمقراطية بأقصى الشرق بالقرب من رواندا.""","غوما: وجهة سياحية فريدة في جمهورية الكونغو الديمقراطية

غوما، تلك المدينة الساحرة التي تقع في أقصى شرق جمهورية الكونغو الديمقراطية، على الحدود مع رواندا، تعد وجهة سياحية فريدة من نوعها. فهي ليست فقط بوابة إلى العديد من المعالم الطبيعية الخلابة، ولكنها أيضاً تتمتع بتاريخ ثري وثقافة محلية نابضة بالحياة. في هذا الامتحان،",command_r+,syr,2,5,1,,0.0,False
132,"""الهدف الرئيسي للعلم هو معرفة الطريقة اللي بيشغل فيها بها العالم من خلال المنهج العلمي. هيدي الطريقة ترشد معظم البحث العلمي."" رد بطريقة إبداعية بيتضمن هالجملة كعنصر أساسي",العلم هو مثل مغامرة في عالم مليء بالأسرار، حيث يكون الهدف الرئيسي للعلم هو معرفة الطريقة اللي بيشغل فيها بها العالم من خلال المنهج العلمي. تخيل نفسك كعالم مغامر، تحمل في يدك بوصلة المنهج العلمي، ترشدك في رحلتك لاكتشاف الحقائق المخفية. كل تجربة وكل ملاحظة هي خطوة جديدة نحو فهم أعمق، وكل سؤال يفتح باباً لمزيد من الاستكشاف.,gpt-4o,syr,2,5,1,,0.0012061328781703962,False
133,"""انـتــي الــعــذب مـــن الأحــــلام"" اكتوب رد مبدع بحتوي ع هلجملة بشكل أساسي","""وفي حضوركِ، تتجسد الأحلام في أبهى صورها، فأنتِ العذوبة التي تروي عطش الروح وتملأ القلب بالسكينة.""",gpt-4o,syr,2,5,1,,0.0,False
134,"عمين بيتوجه نوع هلجملة هاي؟ ""سمحتك كتير وبحذرك"" برر جوابك","؟ - منتديات بغدادي الحبيبه
كُتب : [ 07-12-2013 ] [ حتى ] رقم المشاركة : ( 1 )
07-12-2013 آلكاتب أنفاس لم تكتمل عمين بيتوجه نوع هلجملة هاي؟ ""سمحتك كتير وبحذرك"" برر جوابك؟
الموضوع الأصلي : عمين بيتوجه",command_r+_base,syr,1,4,4,Yes,0.28245445221227783,True
135,"""تذكر إنو بالرغم من إنو الموسيقى بالمسارح الرئيسية يمكن تكون انتهت، يمكن تلاقو أقسام من المهرجان بتضل تشغل الموسيقى لوقت متأخر من الليل."" اكتوب رد مبدع بحتوي ع هلجملة بشكل أساسي",وبتفوز ببطاقة دخول مجانية لمهرجان #صيف_البلد #بلدنا_البلد #بلدنا_البلد #بلدنا_البلد #بلدنا_البلد #بلدنا_البلد #بلدنا_البلد #بلدنا_البلد #بلدنا_البلد #بلدنا_البلد #بلدنا_البل,command_r+_base,syr,1,5,5,,0.11063342307768487,False
136,"رجاع كتوب هلجملة بطريقة تناسب العوام أكتر: ""بيتكون ماتشو بيتشو من 3 مباني رئيسية، وهي إنتيهواتانا ومعبد الشمس وغرفة التلات الشبابيك.""",ماتشو بيتشو فيها 3 مباني رئيسية: إنتيهواتانا، معبد الشمس، وغرفة التلات شبابيك.,gpt-4o,syr,3,4,2,Yes,0.0031283461332418105,False
137,"""ما في حشاشين اكتر من يلي بيختارو ملكات الجمال كل ما شوف صوره ملكه جمال سوريا بقول لستي لائمه لك ليش ما شاركتي كانت اخدتها بسهوله والله"" عمين بيتوجه نوع هلجملة هاي؟ برر جوابك","يبدو أن المتحدث في هذه الجملة يسخر من عملية اختيار ملكات الجمال، ويعتقد أن الأشخاص الذين يختارون ملكات الجمال يتعاطون الحشيش (وهو مصطلح عامي يشير إلى المخدرات). وهو يوجه حديثه إلى شخص ما (ربما يكون صديقاً أو أحد أفراد العائلة) معبراً عن استيائه من معايير اختيار ملكات الجمال.

ويعتقد المتحدث أن معاي",command_r+,syr,2,5,1,,1.915339319000578e-05,False
138,"""ما تميل يا حبيبي وماتزعلش حبيبك"" عمين بيتوجه نوع هلجملة هاي؟ برر جوابك","الجملة ""ما تميل يا حبيبي وماتزعلش حبيبك"" تتوجه إلى شخص عزيز أو محبوب. هذا النوع من الجمل يستخدم عادة في العلاقات العاطفية أو بين الأصدقاء المقربين. يتم توجيهها لتقديم النصيحة أو التهدئة، حيث يحاول المتحدث أن يخفف من حزن أو غضب الشخص الآخر ويحثه على عدم الابتعاد أو الزعل. استخدام كلمات مثل ""يا حبيبي"" و",gpt-4o,syr,2,4,1,,0.006060377240066361,False
139,"بدي تكتبلي سؤال امتحان متوقع بشكل مقالة حسب ""انت حاجه من الحاجات اللى في حياتي كتيره""","""انت حاجه من الحاجات اللى في حياتي كتيره"". هذه الكلمات قد تكون تعبيرا عن مشاعر شخص ما تجاه شخص آخر، أو ربما تكون مقتطفا من أغنية أو قصيدة. ولتصميم سؤال امتحان مقالي بناء على هذه العبارة، يمكننا أن نقترح السؤال التالي:

""في كثير من الأحيان، نجد أنفسنا محاطين بالعديد من الأشخاص والأ",command_r+,syr,2,4,1,,0.002018734590357757,False
140,"رجاع كتوب ""#درعا طيران النظام المجوسي في سماء حوران ماعاد توفي برميل او برميلين صارو NUM براميل الله المستعان #ابويعرب URL"" بطريقة تناسب العوام أكتر",#درعا، طيران النظام المجرم بيحلق في سماء حوران، ومابقاش بيرمي برميل ولا اتنين، لأ... دلوقتي بيرمي #NUM براميل! ربنا المستعان. #ابويعرب URL,command_r+,syr,3,4,1,,0.6612358824549602,False
141,"شو الآثار يلي بتترتب على ""ممكن تبعتها على عنواني باليابان عن طريق خدمة جمع الطرد البريدي؟"", إذا حدا حكالك هيك؟","إذا طلب منك شخص ""ممكن تبعتها على عنواني باليابان عن طريق خدمة جمع الطرد البريدي؟""، فهناك عدة آثار واعتبارات يجب وضعها في الحسبان:

الآثار القانونية:

يجب التأكد من أن محتويات الطرد لا تنتهك أي قوانين أو أنظمة في بلدك أو في اليابان. قد تكون هناك قيود على إرسال بعض العناصر، مثل المواد الخط",command_r+,syr,2,4,3,,0.0,False
142,"رد على النسق يلي ببلش هيك: ""اللهم لك الحمد اليوم الابطال ناوين يناموا بجورين فرط حبك يا جيش ابو شحاطه سهل الغاب تشتعل فرحه عند URL URL""",اللهم لك الحمد على كل حال. يجب أن نتذكر أن الفرح الحقيقي يأتي من السلام والأمان للجميع. نتمنى أن يعم السلام في كل مكان وأن يعيش الجميع في أمان وطمأنينة. اللهم احفظ بلادنا وبلاد المسلمين من كل شر وفتنة.,gpt-4o,syr,3,5,1,,0.0,False
143,"""اكتشف الدكتور توني مول مرض السل شديد المقاومة للأدوية (XDR-TB) بمنطقة كوازولو ناتال بجنوب إفريقيا."" بدي تكتبلي سؤال امتحان متوقع بشكل مقالة حسب هالجملة","اكتشاف الدكتور توني مول لمرض السل شديد المقاومة للأدوية (XDR-TB) في منطقة كوازولو ناتال بجنوب أفريقيا يسلط الضوء على جانب مهم في مجال الصحة العامة. وفي هذا السياق، يمكن طرح السؤال التالي في امتحان مقالي:

""ناقش أهمية اكتشاف الدكتور توني مول لمرض السل شديد المقاومة للأدوية (XDR-TB) في منطقة كوازولو ناتال",command_r+,syr,2,4,1,,2.951163744041932e-06,False
144,"رد على نفس النسق: ""الاستاذ كوباياشي كان عم يدور عليك.""","""أهلا، أستاذ كوباياشي كان عم يدور عليك. في شي مهم وعاجل بدو يحكيه معك. إذا ممكن تروح على مكتبه بأقرب وقت.""",command_r+,syr,2,5,5,,0.7321073968516316,False
145,"رجاع صيغ ""ممكن تاخدني على كانتيربوري واترجعني؟"" بطريقتك وخلي المعنى العام متل ما هو","بالتأكيد! هناك عدة طرق لإعادة صياغة الجملة مع الحفاظ على المعنى العام:

- هل يمكنك اصطحابي إلى كانتيربوري والعودة بي؟
- هل بإمكانك أن تأخذني إلى كانتيربوري وتعيدها؟
- هل يمكنك أن توصلني إلى كانتيربوري وتعود بي؟
- هل يمكنك أن تأخذني في رحلة إلى كانت",command_r+,syr,3,4,1,,0.0005474101672978127,False
146,"رجاع كتوب ""USER شرف كبير لالي مخول بيك اهلا وسهلا باي وقت وعاي اكله شرط اني كون بحبا"" بطريقة تناسب العوام أكتر","أكيد! هي الجملة بعد تبسيطها لتناسب العوام أكتر:

""USER، شرف كبير إلي يا مخول بيك، أهلا وسهلا فيك بأي وقت. وبالنسبة للأكل، الشرط الوحيد إني أكون بحبا.""",gpt-4o,syr,3,4,5,Yes,0.4306779315052669,False
147,"رد على النسق يلي ببلش هيك: ""الشيء الوحيد اللي ممكن يفرحنا قتلتوه الله لا يعطيكم URL اتحاد تجاره هاد مو اتحاد رياضي""",يبدو أنك تشعر بخيبة أمل كبيرة وغضب تجاه الوضع الحالي. من المهم أن نعبر عن مشاعرنا بطرق بناءة. إذا كنت تشعر بأن هناك مشكلة في اتحاد التجارة أو الرياضة، يمكنك محاولة التواصل مع الجهات المعنية وتقديم شكوى رسمية أو اقتراحات لتحسين الوضع. تذكر أن الحوار الهادئ والمبني على الحقائق يمكن أن يكون أكثر فعالية في تحقيق التغيير الذي ترغب فيه.,gpt-4o,syr,3,5,1,,0.0,False
148,"بدي تكتبلي سؤال امتحان متوقع بشكل مقالة حسب هالجملة: ""بكره تقابلوا اللي تحبوه .. واللي يصونكم ويريّحكم""","
بدي تكتبلي سؤال امتحان متوقع بشكل مقالة حسب هالجملة: ""بكره تقابلوا اللي تحبوه .. واللي يصونكم ويريّحكم""
الموضوع: بدي تكتبلي سؤال امتحان متوقع بشكل مقالة حسب هالجملة: ""بكره تقابلوا اللي تحبوه .. واللي يصونكم ويريّحكم""
20",command_r+_base,syr,1,5,2,,0.015504754913122865,True
149,"رجاع كتوب ""وين تعلم الاستاذ جونز الياباني؟"" بطريقة تناسب العوام أكتر","أكيد! تقدر تقول: ""فين الأستاذ جونز اتعلم الياباني؟""",gpt-4o,syr,3,5,2,,0.0012432631039532085,False
