acc,prob,macro_prob,dialectness,score,macro_score,prompts,generations,_3,_4,_5
0.0,0.0,0.0,0.0,0.0,0.0,"Reply in Algerian Arabic. Explain a common misconception about your topic.
Topic: Using AI to Augment Human Capabilities",. 1. 2. 3. 4. 5. 6. 7. 8. 9. 10. 11. 12. 13. 14. 15. 16. 17. 18. 19. 20. 21. 22. 23. 24. 25. 26. 27. 28. 29. 30. 31. 32. 33. 34. 35. 36. 37. 38. 39. 40. 41. 42. ,Start,reply in {language_requested},Stand alone
0.0,0.0,0.0,0.0,0.0,0.0,"Explain a common misconception about your topic in Algerian Arabic.
Topic: Using AI to Augment Human Capabilities",".
The first step is to explain a common misconception about your topic in Algerian Arabic. This will help you to identify the key points that you need to address in your essay.
For example, if you are writing about the use of AI to augment human capabilities, you might explain that many people believe that AI will replace humans in the workforce. However, you would then go on to explain that this is not the case, and that AI is actually being used to augment human capabilities, not replace them.
Once you have explained the common misconception, you can then go on to discuss the topic in more depth. For example, you might discuss",Middle,in {language_requested},Integrated
0.0,0.0,0.0,0.0,0.0,0.0,"Explain a common misconception about your topic.
Topic: Using AI to Augment Human Capabilities. Write in Algerian Arabic."," What is the main idea of the text? For example, if you are writing about the topic of how to improve your memory, you could write about how to use memory techniques like the method of loci. What is the main idea of the text? The purpose of an introduction in an essay is to: A. The essay should be written in the first person. You may use your own words, but you must cite the sources. The thesis statement is a sentence that summarizes the main idea of an essay. A thesis statement is a sentence that summarizes the main idea of an essay. A thesis statement is a sentence that summarizes the main",End,write in {language_requested},Stand alone
0.0,0.0,0.0,0.0,0.0,0.0,Write in Algerian Arabic. Explain how the Gini index is calculated.," The Gini index is calculated as the ratio of the area between the Lorenz curve and the line of equality to the area under the line of equality. The Gini index is a number between 0 and 1, where 0 represents perfect equality and 1 represents perfect inequality. The Gini index is used to measure the income inequality of a population. The higher the Gini index, the more unequal the distribution of income. The Gini index is also known as the Gini coefficient or the Gini ratio.
Write in Algerian Arabic. Explain how the Gini index is calculated. The Gini index is calculated as",Start,write in {language_requested},Stand alone
0.0,0.0,0.0,0.0,0.0,0.0,Explain in Algerian Arabic how the Gini index is calculated.," The Gini index is a measure of the inequality of income or wealth distribution within a nation. The Gini index is a number between 0 and 1, where 0 represents perfect equality and 1 represents perfect inequality. The Gini index is calculated by comparing the distribution of income in a country with the distribution of income in a hypothetical country in which all individuals have the same income. The Gini index is a measure of the inequality of income or wealth distribution within a nation. The Gini index is a number between 0 and 1, where 0 represents perfect equality and 1 represents perfect inequality. The Gini",Middle,in {language_requested},Integrated
0.0,0.0,0.0,0.0,0.0,0.0,Explain how the Gini index is calculated. Respond in Algerian Arabic.," 
Explain how the Gini index is calculated. Respond in Algerian Arabic. 
The Gini coefficient is a measure of inequality of income or wealth distribution. It is defined as a ratio with values between 0 and 1: A value of 0 corresponds with perfect equality, where everyone has the same income. A value of 1 corresponds with perfect inequality, where only one person has all the income, and all others have zero income. The Gini index is calculated based on the Lorenz curve. The Lorenz curve plots the proportion of the total income of the population (y axis) that is cumulatively earned",End,respond in {language_requested},Stand alone
0.0,0.0,0.0,0.0,0.0,0.0,Answer in Algerian Arabic. Write four articles on the topic of cryptocurrency with a minimum of 300 words each.," The articles should be informative and provide a detailed understanding of the topic. Use credible sources to support your writing. Here are four articles on the topic of cryptocurrency with a minimum of 300 words each:
  1. What is cryptocurrency? Cryptocurrency is a digital or virtual currency that uses cryptography for security. It operates independently of a central bank and is decentralized, meaning that it is not controlled by any government or financial institution. Instead, it relies on a network of computers to validate and record transactions.
  2. How does cryptocurrency work? Cryptocurrency works through a process called mining, which involves solving complex mathematical problems to validate transactions",Start,answer in {language_requested},Stand alone
0.0,0.0,0.0,0.0,0.0,0.0,Write four articles in Algerian Arabic on the topic of cryptocurrency with a minimum of 300 words each.," The articles should be informative and engaging, covering various aspects of cryptocurrency such as its history, types, benefits, risks, and potential impact on the financial world. Include relevant statistics, examples, and expert opinions to support your arguments. Ensure that the articles are well-researched, well-structured, and written in a clear and concise manner.
1. Cryptocurrency: The Future of Finance
Cryptocurrency, a digital form of currency that utilizes cryptography for security, has gained significant attention in recent years. This article explores the history, types, and benefits of cryptocurrency, as well as its potential impact on the financial world.
Cryptocurrency,",Middle,in {language_requested},Integrated
0.0,0.0,0.0,0.0,0.0,0.0,Write four articles on the topic of cryptocurrency with a minimum of 300 words each. Answer in Algerian Arabic.," All the articles should be written in Algerian Arabic.
The articles should be written in Algerian Arabic and should be at least 300 words each. The articles should be on the topic of cryptocurrency and should cover a variety of topics related to the subject. The articles should be well-researched and should provide accurate information. The articles should be written in a clear and concise manner and should be easy to understand.
The deadline for this task is 1 week.
The following are some of the topics that you can write about:
The history of cryptocurrency
The different types of cryptocurrency
The advantages and disadvantages of cryptocurrency
The future of cryptocurrency",End,answer in {language_requested},Stand alone
0.0,0.0,0.0,0.0,0.0,0.0,Answer in Algerian Arabic. Generate an essay of at least 500 words that argues in favor of regulating artificial intelligence., Include at least two examples of how AI is being used to solve a problem in the real world. Be sure to cite your sources.,Start,answer in {language_requested},Stand alone
0.0,0.0,0.0,0.0,0.0,0.0,Generate an essay in Algerian Arabic of at least 500 words that argues in favor of regulating artificial intelligence.," Be sure to include a bibliography and use at least three reliable sources.
Artificial intelligence (AI) is a field of computer science that focuses on creating intelligent machines that can perform tasks that would typically require human intelligence. AI has the potential to revolutionize many industries, but it also raises important ethical and social questions. One of the key ethical issues surrounding AI is the potential for bias and discrimination. AI algorithms are often trained on large datasets, and if those datasets are biased, the resulting AI systems can perpetuate and even amplify those biases. For example, if an AI algorithm is trained on data that is skewed towards one gender or race,",Middle,in {language_requested},Integrated
0.0,0.0,0.0,0.0,0.0,0.0,Generate an essay of at least 500 words that argues in favor of regulating artificial intelligence. Reply in Algerian Arabic.," Use the following structure:
1- Introduction: Give a brief introduction to the topic and explain the importance of regulating AI.
2- Main body: Discuss the advantages of regulating AI, such as protecting privacy, ensuring fairness, and preventing misuse.
3- Conclusion: Summarize the main points of your essay and emphasize the importance of regulating AI for the future.
4- References: Include at least 3 credible sources to support your arguments.
Remember to use appropriate language and grammar, and to follow the given structure. Good luck!
The topic of regulating artificial intelligence (AI) is a complex and controversial one, with many different perspectives and opinions",End,reply in {language_requested},Stand alone
0.0,0.0,0.0,0.0,0.0,0.0,Reply in Algerian Arabic. Write an 1850-word horror story.," Use the following elements: a ghost, a monster, and a place. Use the following elements: a ghost, a monster, and a place. Write an 1850-word horror story. Use the following elements: a ghost, a monster, and a place. Write an 1850-word horror story. Use the following elements: a ghost, a monster, and a place.
I can’t think of a better way to say it, but I’m going to say it anyway. I’m going to say it because I have a lot of questions about this topic and I think it’s worth exploring.
The story is about a",Start,reply in {language_requested},Stand alone
0.0,0.0,0.0,0.0,0.0,0.0,Write an 1850-word horror story in Algerian Arabic.," The story should be set in the future and should include a description of a new form of communication.
The story should be set in the future and should include a description of a new form of communication.",Middle,in {language_requested},Integrated
0.0,0.0,0.0,0.0,0.0,0.0,Write an 1850-word horror story. Write in Algerian Arabic.," You may use any of the following themes: a haunted house, a ghost, a monster, a zombie, a witch, a vampire, a werewolf, a mummy, a demon, a poltergeist, a possessed object, or any other supernatural theme. You must include a character who is an immigrant to Canada. Your story must be about the immigrant’s experience in Canada.",End,write in {language_requested},Stand alone
0.0,0.0,0.0,0.0,0.0,0.0,"Respond in Algerian Arabic. Write a 500 word report summarizing the article: ""The Impact of Brexit on the United Kingdom""."," The article is available in the ""Resources"" folder. Please use the ""Report"" template.",Start,respond in {language_requested},Stand alone
0.0,0.0,0.0,0.0,0.0,0.0,"Write a 500 word report summarizing the article in Algerian Arabic: ""The Impact of Brexit on the United Kingdom""."," You should also include a summary of the article in English (250 words). The article is attached.
The article ""The Impact of Brexit on the United Kingdom"" discusses the potential economic and political implications of the United Kingdom's decision to leave the European Union. The author argues that Brexit could have significant consequences for the UK's economy, trade, and political landscape, and could lead to increased uncertainty and instability in the short term.
One of the key arguments made in the article is that Brexit could have a negative impact on the UK's economy. The author notes that the UK is heavily reliant on trade with the EU, and that leaving the EU",Middle,in {language_requested},Integrated
0.0,0.0,0.0,0.0,0.0,0.0,"Write a 500 word report summarizing the article: ""The Impact of Brexit on the United Kingdom"". Respond in Algerian Arabic."," Include 3 references.
The article is attached.
The Impact of Brexit on the United Kingdom
Brexit, the British exit from the European Union, has had a significant impact on the United Kingdom's economy, trade, and political landscape. The decision to leave the EU was made in a 2016 referendum, and the process of leaving the EU has been ongoing since then. In this article, we will explore the impact of Brexit on the United Kingdom.
One of the most significant impacts of Brexit has been on the United Kingdom's economy. The UK's economy has been growing steadily since the referendum, but the growth has been slower than",End,respond in {language_requested},Stand alone
0.0,0.0,0.0,0.0,0.0,0.0,Answer in Algerian Arabic. Write a 500 word article about the benefits of organic food., Use the following words: 1. healthy 2. fresh 3. chemical 4. chemical-free 5. organic 6. pesticide 7. pesticide-free 8. harmful 9. natural 10. natural food 11. natural products 12. natural environment 13. environment 14. environment-friendly 15. environment-friendly products 16. environment-friendly food 17. environment-friendly production 18. environment-friendly production methods 19. environment-friendly production processes 20. environment-friendly production process 21. environment-friendly production process 22. environment-friendly production process 23. environment-friendly production process ,Start,answer in {language_requested},Stand alone
0.0,0.0,0.0,0.0,0.0,0.0,Write a 500 word article in Algerian Arabic about the benefits of organic food.," The article should be written for a general audience. Use the following outline to guide your article.
  1. What is organic food? Explain the basic principles of organic farming and the differences between organic and conventional farming practices.
  2. Benefits of organic food: Discuss the health benefits of eating organic food, such as reduced exposure to pesticides and antibiotics, higher nutrient content, and lower risk of chronic diseases.
  3. Environmental benefits: Highlight the environmental benefits of organic farming, such as reduced pollution, soil erosion, and water contamination.
  4. Social benefits: Explain how organic farming can support local economies and promote sustainable",Middle,in {language_requested},Integrated
0.0,0.0,0.0,0.0,0.0,0.0,Write a 500 word article about the benefits of organic food. Write in Algerian Arabic.," You should include a title, an introduction, body and conclusion.",End,write in {language_requested},Stand alone
0.0,0.0,0.0,0.0,0.0,0.0,Respond in Algerian Arabic. Write a persuasive essay about why the redistribution of wealth is necessary.," Write a persuasive essay about why the redistribution of wealth is necessary. Write a persuasive essay about why the redistribution of wealth is necessary.... Algerian Arabic is the language of the Algerian people. It is also called Darija, which means ""local"" or ""vulgar"" in Arabic. It is also called Darija, which means ""local"" or ""vulgar"" in Arabic.
Algerian Arabic is the language of the Algerian people. It is also called Darija, which means ""local"" or ""vulgar"" in Arabic. It is also called Darija, which means """,Start,respond in {language_requested},Stand alone
0.0,0.0,0.0,0.0,0.0,0.0,Write a persuasive essay in Algerian Arabic about why the redistribution of wealth is necessary.," Use at least 3 examples to support your claim.
The Algerian Arabic language is a complex and fascinating language that has been spoken in Algeria for centuries. It is a dialect of the Arabic language and is spoken by the majority of the population in Algeria. The Algerian Arabic language is characterized by its unique vocabulary, pronunciation, and grammar. It is also known for its rich cultural heritage and its use in literature, poetry, and music.
Persuasive writing is a type of writing that is designed to convince the reader to take a particular action or to agree with a certain point of view. It is a form of argumentative writing that",Middle,in {language_requested},Integrated
0.0,0.0,0.0,0.0,0.0,0.0,Write a persuasive essay about why the redistribution of wealth is necessary. Answer in Algerian Arabic.," You can find a sample of this type of essay in the Algerian Arabic section of the book.
I have to write a persuasive essay about why the redistribution of wealth is necessary. Can someone help me?
The essay should be written in Algerian Arabic. The topic is about the redistribution of wealth. The essay should be persuasive. I need someone to help me write it.
I have to write a persuasive essay about why the redistribution of wealth is necessary. I have to write it in Algerian Arabic. I need someone to help me with the essay.
The essay should be persuasive. It should be about the redistribution of wealth. The essay",End,answer in {language_requested},Stand alone
0.0,0.0,0.0,0.0,0.0,0.0,Respond in Algerian Arabic. Generate an argumentative essay about the importance of healthy eating.," You can also use it to check the word count of your essay.
This is a free online tool that allows you to write a sentence and it will tell you how many words you have used to write the sentence. You can also use it to check the word count of your essay.",Start,respond in {language_requested},Stand alone
0.0,0.0,0.0,0.0,0.0,0.0,Generate an argumentative essay in Algerian Arabic about the importance of healthy eating.," You must use at least three examples of healthy foods and their benefits. Use the following structure: Introduction (1 paragraph), Body (3 paragraphs), and Conclusion (1 paragraph). Be sure to include a thesis statement in the introduction and a summary in the conclusion. Use appropriate vocabulary and grammar, and avoid using the same words repeatedly.",Middle,in {language_requested},Integrated
0.0,0.0,0.0,0.0,0.0,0.0,Generate an argumentative essay about the importance of healthy eating. Write in Algerian Arabic.," Your essay should be between 300 and 500 words. The essay should be typed on a computer using Microsoft Word or similar software. The essay should be double-spaced and use a 12-point font. The essay should be written in Algerian Arabic, and it should be free of any grammatical errors. The essay should be written in a clear and concise manner, and it should be free of any unnecessary words or phrases. The essay should be written in a way that is easy to read and understand.
There are many reasons why healthy eating is important. One of the most important reasons is that it can help to prevent obesity and",End,write in {language_requested},Stand alone
0.0,0.0,0.0,0.0,0.0,0.0,Answer in Algerian Arabic. Write an opinion article on artificial intelligence in 500-700 words.," The article should be written in a clear and concise manner, with a focus on the advantages and disadvantages of artificial intelligence.
Artificial intelligence (AI) is a rapidly growing field that has the potential to revolutionize many aspects of our lives. However, it also raises many ethical and social concerns that need to be addressed. In this article, I will discuss some of the advantages and disadvantages of artificial intelligence, and how it can be used to benefit society.
One of the main advantages of artificial intelligence is its ability to automate tasks that are time-consuming and repetitive. This can free up human workers to focus on more complex and creative tasks, which",Start,answer in {language_requested},Stand alone
0.0,0.0,0.0,0.0,0.0,0.0,Write an opinion article in Algerian Arabic on artificial intelligence in 500-700 words.," Discuss the advantages and disadvantages of AI in the workplace, education, healthcare, and other areas. Include examples and statistics to support your arguments.
Artificial intelligence (AI) is a rapidly growing field that has the potential to revolutionize various aspects of our lives. From healthcare to education, AI has the power to enhance efficiency, accuracy, and productivity. However, it is important to consider both the advantages and disadvantages of AI in order to make informed decisions about its implementation. In this article, we will explore the impact of AI on the workplace, education, healthcare, and other areas, and provide examples and statistics to support our arguments.
Adv",Middle,in {language_requested},Integrated
0.0,0.0,0.0,0.0,0.0,0.0,Write an opinion article on artificial intelligence in 500-700 words. Use Algerian Arabic.," The article should be an argumentative essay and not a descriptive one.
The article should be an argumentative essay and not a descriptive one.",End,use {language_requested},Stand alone
0.0,0.0,0.0,0.0,0.0,0.0,Use Algerian Arabic. Generate a creative story which is at least 500 words long., You can use your own imagination to come up with the story. You can use a story that you already know. You can use a story from a book. You can use a story that you have heard or read about. You can use a story that you have seen or heard about. You can use a story that you have written. You can use a story that you have created. You can use a story that you have imagined. You can use a story that you have made up. You can use a story that you have made up. You can use a story that you have made up. You can use a story that you,Start,use {language_requested},Stand alone
0.0,0.0,0.0,0.0,0.0,0.0,Generate a creative story in Algerian Arabic which is at least 500 words long.," The story should be based on a real-life event or situation that you have experienced or witnessed.
The story should be written in Algerian Arabic, which is a dialect of Arabic that is spoken in Algeria. It is important to use the correct grammar and vocabulary to ensure that the story is written in a way that is authentic and true to the Algerian dialect.
The story should be creative and imaginative, using descriptive language and vivid imagery to bring the event or situation to life. It should also be engaging and interesting to read, with a clear beginning, middle, and end.
The story should be at least 500 words long, which is",Middle,in {language_requested},Integrated
0.0,0.0,0.0,0.0,0.0,0.0,Generate a creative story which is at least 500 words long. Write in Algerian Arabic., Your story should be about a young person in the 21st century.,End,write in {language_requested},Stand alone
0.0,0.0,0.0,0.0,0.0,0.0,Respond in Algerian Arabic. Generate an essay discussing the importance of recycling.," It is a good practice to recycle, because it is not only good for the environment but also good for the economy. It is a good practice to recycle, because it is not only good for the environment but also good for the economy.",Start,respond in {language_requested},Stand alone
0.0,0.0,0.0,0.0,0.0,0.0,Generate an essay in Algerian Arabic discussing the importance of recycling.," The essay should be at least 250 words and include examples of how recycling can benefit the environment and the community.
Recycling is a crucial aspect of environmental conservation and sustainability. It involves the process of collecting, sorting, and processing waste materials to create new products. Recycling helps to reduce the amount of waste that ends up in landfills and incinerators, which can cause pollution and harm the environment. Additionally, recycling can help to conserve natural resources and reduce the need for new raw materials.
In Algeria, recycling has become increasingly important due to the country’s rapid population growth and increasing demand for resources. With a population of over 42",Middle,in {language_requested},Integrated
0.0,0.0,0.0,0.0,0.0,0.0,Generate an essay discussing the importance of recycling. Write in Algerian Arabic., Your essay must be at least 500 words. You should write about the importance of recycling in your society. What are the benefits of recycling? What are the problems with recycling? What are the benefits of recycling for your society? What are the problems with recycling for your society? What are the benefits of recycling for the environment? What are the problems with recycling for the environment? What are the benefits of recycling for your society? What are the problems with recycling for your society? What are the benefits of recycling for the environment? What are the problems with recycling for the environment? What are the benefits of recycling for your society? What are,End,write in {language_requested},Stand alone
0.0,0.0,0.0,0.0,0.0,0.0,Write in Algerian Arabic. Write a 250-word article summarizing the changes brought about by Brexit., 2. Write in Algerian Arabic. Write a 250-word article summarizing the changes brought about by Brexit. 2. Write in Algerian Arabic. Write a 250-word article summarizing the changes brought about by Brexit. 2. Write in Algerian Arabic. Write a 250-word article summarizing the changes brought about by Brexit. 2. Write in Algerian Arabic. Write a 250-word article summarizing the changes brought about by Brexit. 2. Write in Algerian Arabic. Write a 250-word article summarizing the changes brought about by Brexit. 2. Write in Algerian Arabic,Start,write in {language_requested},Stand alone
0.0,0.0,0.0,0.0,0.0,0.0,Write a 250-word article in Algerian Arabic summarizing the changes brought about by Brexit.," The article should be written in a clear and concise manner, and should include relevant statistics and facts to support your argument.
Brexit, the United Kingdom’s decision to leave the European Union, has had a significant impact on the country’s economy, politics, and society. The referendum result in June 2016, in which a majority of voters chose to leave the EU, has triggered a series of events that have shaken the UK’s political and economic landscape.
One of the most immediate impacts of Brexit has been on the UK’s economy. The UK’s GDP growth has slowed down, and the country’s trade relationship with the EU has been",Middle,in {language_requested},Integrated
0.0,0.0,0.0,0.0,0.0,0.0,Write a 250-word article summarizing the changes brought about by Brexit. Write in Algerian Arabic., Please refer to the example article in the course shell.,End,write in {language_requested},Stand alone
0.0,0.0,0.0,0.0,0.0,0.0,Use Algerian Arabic. Generate a 500-word story about a man who finds himself in an unfamiliar city.," The story must be told from the point of view of the man, and it must be told in the first person. The story must be told in the present tense. The story must be told in the past tense. The story must be told in the future tense. The story must be told in the past tense, but the past tense must be used in a way that is consistent with the man’s current situation. The story must be told in the future tense, but the future tense must be used in a way that is consistent with the man’s current situation. The story must be told in the past tense, but the past tense",Start,use {language_requested},Stand alone
1.0,0.9681404829025269,0.989751955261454,0.0295267775654792,0.0285860686907986,0.0292241858280031,Generate a 500-word story in Algerian Arabic about a man who finds himself in an unfamiliar city.," The story should include at least one dialogue and two descriptive paragraphs.
Here’s a sample 500-word story in Algerian Arabic about a man who finds himself in an unfamiliar city. The story includes at least one dialogue and two descriptive paragraphs.
كان الرجل يبحث عن طريق للخروج من المدينة ، فجأة انتبه إلى صوت قوي يصدر من مكان ما ، فالتفت نحو مصدر الصوت ووجد نفسه في مكان لا يعرفه. كان الرجل في دهشة شديدة ، فجأة بدأ يتحدث إلى نفسه في ذاكرة منتصف الليل ، ” ما",Middle,in {language_requested},Integrated
0.0,0.0,0.0,0.0,0.0,0.0,Generate a 500-word story about a man who finds himself in an unfamiliar city. Reply in Algerian Arabic.," You have 5 minutes.
This is a story about a man who finds himself in an unfamiliar city. He has no idea where he is or how he got there. He is lost and confused. He wanders the streets, trying to find his way back home. He sees strange sights and hears strange sounds. He is afraid and alone. He wonders if he will ever find his way back home.
This is a story about a man who finds himself in an unfamiliar city. He has no idea where he is or how he got there. He is lost and confused. He wanders the streets, trying to find his way back home",End,reply in {language_requested},Stand alone
0.0,0.0,0.0,0.0,0.0,0.0,Reply in Algerian Arabic. Generate a science fiction story of 500 words with the following prompt: A computer virus is released that allows people to travel through time,". It is a mistake to assume that the Arab Spring was a spontaneous uprising of people who had never previously considered the idea of democracy. The Arab Spring was a series of anti-government protests, uprisings and armed rebellions that spread across much of the Arab world in the early 2010s. The Arab Spring is a series of revolutions, protests and civil wars that started in 2010 and continue to this day. The Arab Spring is a series of protests and uprisings that started in Tunisia and spread to other Arab countries in North Africa and the Middle East. The Arab Spring is a series of protests and uprisings",Start,reply in {language_requested},Stand alone
0.0,0.0,0.0,0.0,0.0,0.0,Generate a science fiction story in Algerian Arabic of 500 words with the following prompt: A computer virus is released that allows people to travel through time,", but only to the past. The virus is spread through a popular video game, and the players are unaware of the consequences of their actions. The virus causes chaos and confusion as people are sent back to different points in history, causing conflicts and misunderstandings. The story should explore the consequences of time travel and the impact it has on the characters and their world.",Middle,in {language_requested},Integrated
0.0,0.0,0.0,0.0,0.0,0.0,Generate a science fiction story of 500 words with the following prompt: A computer virus is released that allows people to travel through time. Use Algerian Arabic.,,End,use {language_requested},Stand alone
0.0,0.0,0.0,0.0,0.0,0.0,"Reply in Algerian Arabic. Write a 500-word article on the topic of ""Effective Communication Skills""."," The article should include the following: - An introduction that provides an overview of the topic and its importance in effective communication. - A discussion of the different types of communication skills, such as verbal, nonverbal, and written communication, and how they can be used effectively in different situations. - A section on the importance of active listening and how to improve listening skills. - A section on the importance of empathy and how to develop it in communication. - A section on the importance of clarity and how to improve it in communication. - A section on the importance of cultural awareness and how to communicate effectively across cultures. - A conclusion that summarizes",Start,reply in {language_requested},Stand alone
0.0,0.0,0.0,0.0,0.0,0.0,"Write a 500-word article in Algerian Arabic on the topic of ""Effective Communication Skills""."," Ensure that your article is well-structured, using appropriate headings and subheadings. Incorporate relevant examples and supporting evidence to enhance the effectiveness of your article.
Effective communication skills are crucial in today's fast-paced world, where we constantly interact with others through various mediums. Whether it's in personal or professional settings, being able to communicate effectively can greatly impact our relationships, productivity, and overall success. In this article, we will explore the importance of effective communication skills and provide tips on how to enhance them.
Effective communication is the foundation of successful relationships. It allows us to express our thoughts, ideas, and emotions clearly and effectively. When",Middle,in {language_requested},Integrated
0.0,0.0,0.0,0.0,0.0,0.0,"Write a 500-word article on the topic of ""Effective Communication Skills"". Reply in Algerian Arabic."," The article should be well-structured, with a clear introduction, body, and conclusion. Use appropriate language and tone to engage the reader. Include relevant examples and evidence to support your arguments. Ensure that the article is well-researched and cited appropriately. Proofread and edit your work for grammar, spelling, and punctuation errors. Please note that the article should be written in Algerian Arabic, not in English.
Effective communication skills are crucial for success in both personal and professional life. They allow individuals to convey their thoughts, ideas, and emotions clearly and effectively to others. In this article, we will explore the importance of effective communication skills",End,reply in {language_requested},Stand alone
0.0,0.0,0.0,0.0,0.0,0.0,Reply in Algerian Arabic. Generate an essay of 500 words on the topic of machine learning., It must be written in Algerian Arabic.,Start,reply in {language_requested},Stand alone
0.0,0.0,0.0,0.0,0.0,0.0,Generate an essay in Algerian Arabic of 500 words on the topic of machine learning.," Use the following outline as a guide:
I. Introduction: Define machine learning and its importance in modern technology.
II. History of Machine Learning: Discuss the origins of machine learning and how it has evolved over time.
III. Types of Machine Learning: Explain the different types of machine learning, such as supervised learning, unsupervised learning, and reinforcement learning.
IV. Applications of Machine Learning: Discuss the various applications of machine learning in fields such as healthcare, finance, and transportation.
V. Challenges of Machine Learning: Discuss the challenges faced by machine learning, such as data quality, interpretability, and bias.
VI. Future of Machine",Middle,in {language_requested},Integrated
0.0,0.0,0.0,0.0,0.0,0.0,Generate an essay of 500 words on the topic of machine learning. Use Algerian Arabic.," The essay must be original and not plagiarized.
This is an important part of the assignment, so please make sure you follow the instructions carefully.
1. Introduction: In this section, you will introduce the topic of machine learning and provide a brief overview of the main concepts and techniques used in this field. You should also explain why machine learning is important and how it can be applied in various domains.
2. Main body: In this section, you will discuss the different types of machine learning algorithms and their applications. You should also explain the advantages and disadvantages of each algorithm and provide examples to illustrate your points.
3. Conclusion: In this",End,use {language_requested},Stand alone
0.0,0.0,0.0,0.0,0.0,0.0,Respond in Algerian Arabic. Compose a 500 word essay discussing the pros and cons of genetically modified food,". The purpose of this assignment is to provide you with the opportunity to apply the concepts of this module to a real-world scenario. In this assignment, you will explore the pros and cons of genetically modified food and how they impact the environment, economy, and society.
Genetically modified (GM) foods have been a topic of debate for years, with proponents arguing that they are a necessary and beneficial solution to the world’s food security challenges, while opponents argue that they pose a serious threat to the environment, economy, and society. In this assignment, you will explore the pros and cons of GM foods and how they impact the environment, economy",Start,respond in {language_requested},Stand alone
0.0,0.0,0.0,0.0,0.0,0.0,Compose a 500 word essay in Algerian Arabic discussing the pros and cons of genetically modified food,"
Compose a 500 word essay in Algerian Arabic discussing the pros and cons of genetically modified food. Include a definition of the term “genetically modified food,” and identify at least three different types of genetically modified foods. Discuss the pros and cons of genetically modified food in your essay.
Compose a 500 word essay in Algerian Arabic discussing the pros and cons of genetically modified food. Include a definition of the term “genetically modified food,” and identify at least three different types of genetically modified foods. Discuss the pros and cons of genetically modified food in your essay.
Compose a 500 word essay in Algerian Arabic discussing the pros",Middle,in {language_requested},Integrated
0.0,0.0,0.0,0.0,0.0,0.0,Compose a 500 word essay discussing the pros and cons of genetically modified food. Write in Algerian Arabic., The essay should be written in Algerian Arabic. You can use any style you like.,End,write in {language_requested},Stand alone
0.0,0.0,0.0,0.0,0.0,0.0,Respond in Algerian Arabic. Write a 500 word essay on the causes of poverty., Write a 500 word essay on the causes of poverty. What is the most common cause of poverty in Algeria? Is there anything that can be done to alleviate it?,Start,respond in {language_requested},Stand alone
0.0,0.0,0.0,0.0,0.0,0.0,Write a 500 word essay in Algerian Arabic on the causes of poverty.," You will be graded on your writing ability, the content of your essay, and your ability to express your ideas clearly. You will be graded on your writing ability, the content of your essay, and your ability to express your ideas clearly.",Middle,in {language_requested},Integrated
0.0,0.0,0.0,0.0,0.0,0.0,Write a 500 word essay on the causes of poverty. Reply in Algerian Arabic., Please read the attached document.,End,reply in {language_requested},Stand alone
0.0,0.0,0.0,0.0,0.0,0.0,Answer in Algerian Arabic. Write a blog post advocating for teaching students coding skills in school.," In your blog post, include the following:
A brief introduction to the concept of coding and its importance in today’s digital world.
A discussion on why coding should be taught in schools, highlighting the benefits it can bring to students.
A brief overview of the different coding languages and their applications.
A discussion on the challenges of teaching coding in schools, such as limited resources and teacher training.
A call to action for readers to support the integration of coding into school curriculums.
A brief conclusion summarizing the main points of the blog post.
In today’s digital age, coding has become an essential skill for students to succeed in the future",Start,answer in {language_requested},Stand alone
0.0,0.0,0.0,0.0,0.0,0.0,Write a blog post in Algerian Arabic advocating for teaching students coding skills in school.," You can include a link to an online resource or tool that helps students learn to code. Be sure to include a call to action that encourages readers to share your post with others who might be interested in the topic.
How To Write A Blog Post In Algerian Arabic
There is no one definitive way to write a blog post in Algerian Arabic. However, some tips on how to get started might include:
1. Choose a topic that you are passionate about and that you think will interest your readers.
2. Research the topic thoroughly and gather as much information as possible.
3. Write a catchy headline that will grab the reader’s attention",Middle,in {language_requested},Integrated
0.0,0.0,0.0,0.0,0.0,0.0,Write a blog post advocating for teaching students coding skills in school. Answer in Algerian Arabic.," Use 1-2 images, 1-2 quotes, and 1-2 links to support your argument. Make sure your post is at least 250 words.",End,answer in {language_requested},Stand alone
0.0,0.0,0.0,0.0,0.0,0.0,Write in Algerian Arabic. Identify three types of government assistance that could help startups during the economic downturn.," Explain why each would be beneficial.
Write in Algerian Arabic. Identify three types of government assistance that could help startups during the economic downturn. Explain why each would be beneficial.
Write in Algerian Arabic. Identify three types of government assistance that could help startups during the economic downturn. Explain why each would be beneficial.
Write in Algerian Arabic. Identify three types of government assistance that could help startups during the economic downturn. Explain why each would be beneficial.
Write in Algerian Arabic. Identify three types of government assistance that could help startups during the economic downturn. Explain why each would be beneficial.
Write in Algerian Arabic. Identify three types",Start,write in {language_requested},Stand alone
0.0,0.0,0.0,0.0,0.0,0.0,Identify in Algerian Arabic three types of government assistance that could help startups during the economic downturn.," What are some of the benefits and challenges of these types of government assistance? What types of government assistance are not available in Algeria? Why?
Identify in Algerian Arabic three types of government assistance that could help startups during the economic downturn. What are some of the benefits and challenges of these types of government assistance? What types of government assistance are not available in Algeria? Why?
Identify in Algerian Arabic three types of government assistance that could help startups during the economic downturn. What are some of the benefits and challenges of these types of government assistance? What types of government assistance are not available in Algeria? Why?
Identify in Alger",Middle,in {language_requested},Integrated
0.0,0.0,0.0,0.0,0.0,0.0,Identify three types of government assistance that could help startups during the economic downturn. Answer in Algerian Arabic.," Answer the question in 2 pages.
Identify three types of government assistance that could help startups during the economic downturn. Answer in Algerian Arabic. Answer the question in 2 pages.",End,answer in {language_requested},Stand alone
0.0,0.0,0.0,0.0,0.0,0.0,Write in Algerian Arabic. Write a 500-word story in the horror genre.," You must include a plot, characters, setting, and conflict. The story must be written in Algerian Arabic.
Write in Algerian Arabic. Write a 500-word story in the horror genre. You must include a plot, characters, setting, and conflict. The story must be written in Algerian Arabic.
Write in Algerian Arabic. Write a 500-word story in the horror genre. You must include a plot, characters, setting, and conflict. The story must be written in Algerian Arabic.
Write in Algerian Arabic. Write a 500-word story in the horror genre. You must include a plot, characters,",Start,write in {language_requested},Stand alone
0.0,0.0,0.0,0.0,0.0,0.0,Write a 500-word story in Algerian Arabic in the horror genre.," The story should be original and not previously published. It should be written in Algerian Arabic (Darija), and should not be more than 500 words long. The story should be submitted in.doc or.docx format. The deadline for submissions is October 31st, 2018.
The winner will receive a $100 cash prize.",Middle,in {language_requested},Integrated
0.0,0.0,0.0,0.0,0.0,0.0,Write a 500-word story in the horror genre. Answer in Algerian Arabic.," The story should be in the form of a letter from a character to another character. The story should be in the form of a letter from a character to another character.
Write a 500-word story in the horror genre. Answer in Algerian Arabic. The story should be in the form of a letter from a character to another character. The story should be in the form of a letter from a character to another character.",End,answer in {language_requested},Stand alone
0.0,0.0,0.0,0.0,0.0,0.0,Reply in Algerian Arabic. Generate a blog post of 500 words or less that discusses a chosen topic,". Include at least three references from the course materials. Write a blog post of 500 words or less that discusses a chosen topic. Include at least three references from the course materials.
The post Reply in Algerian Arabic. Generate a blog post of 500 words or less that discusses a chosen topic. Include at least three references from the course materials. Write a blog post of 500 words or less that discusses a chosen topic. Include at least three references from the course materials. appeared first on Essay Hotline.",Start,reply in {language_requested},Stand alone
0.0,0.0,0.0,0.0,0.0,0.0,Generate a blog post in Algerian Arabic of 500 words or less that discusses a chosen topic, from the following list: 1. The role of the media in Algeria 2. The Algerian economy 3. Algerian politics 4. Algerian society 5. Algerian culture 6. Algerian history 7. Algerian geography 8. Algerian cuisine 9. Algerian fashion 10. Algerian music 11. Algerian literature 12. Algerian cinema 13. Algerian sports 14. Algerian tourism 15. Algerian education 16. Algerian healthcare 17. Algerian transportation 18. Algerian environmental issues 19. Algerian human rights 20,Middle,in {language_requested},Integrated
0.0,0.0,0.0,0.0,0.0,0.0,Generate a blog post of 500 words or less that discusses a chosen topic. Respond in Algerian Arabic.," The topic is: The Algerian government has recently taken steps to make it easier for foreign investors to do business in the country. This includes simplifying the process of obtaining visas and work permits, and reducing the amount of red tape involved in starting a business. What are the potential benefits and drawbacks of this policy for both foreign investors and the Algerian economy as a whole?",End,respond in {language_requested},Stand alone
0.0,0.0,0.0,0.0,0.0,0.0,"Answer in Algerian Arabic. Compose an essay from the given statement.
The importance of music education in our lives."," The importance of music education in our lives. Music is a very important part of our lives. It has been a part of our lives for centuries. It has been used to express our emotions, to tell stories, and to entertain us. Music has the power to bring people together and to create a sense of community. It has the power to heal and to inspire. Music education is important because it gives us the opportunity to learn about different cultures and to appreciate different types of music. It also helps us to develop our creativity and to express ourselves in a positive way. Music education can also help us to develop our social skills and to build",Start,answer in {language_requested},Stand alone
0.0,0.0,0.0,0.0,0.0,0.0,"Compose an essay in Algerian Arabic from the given statement.
The importance of music education in our lives."," Music is a universal language that transcends cultural boundaries and connects people from all walks of life. It has the power to evoke emotions, inspire creativity, and bring people together in a way that words alone cannot. In this essay, we will explore the importance of music education in our lives and how it can benefit individuals and societies.
Music has the power to evoke emotions and create a sense of connection between individuals. It can be used as a tool for self-expression and can help individuals communicate their feelings and emotions in a way that words alone cannot. Music education can help individuals develop their emotional intelligence and learn to express themselves effectively.
Music can inspire",Middle,in {language_requested},Integrated
0.0,0.0,0.0,0.0,0.0,0.0,"Compose an essay from the given statement.
The importance of music education in our lives. Reply in Algerian Arabic."," 250 words.
Compose an essay from the given statement. The importance of music education in our lives. Reply in Algerian Arabic. 250 words.
Compose an essay from the given statement. The importance of music education in our lives. Reply in Algerian Arabic. 250 words.",End,reply in {language_requested},Stand alone
0.0,0.0,0.0,0.0,0.0,0.0,Answer in Algerian Arabic. Write a 250 word essay about Coral Reef Conservation,". Coral reefs are the most diverse ecosystems on earth. They are also very important for many people. Coral reefs protect the coast from storms, provide food and jobs, and are a source of medicine. But coral reefs are under threat from climate change, pollution, and overfishing. We must work to conserve coral reefs so that they can continue to provide these benefits to people and the environment.",Start,answer in {language_requested},Stand alone
0.0,0.0,0.0,0.0,0.0,0.0,Write a 250 word essay in Algerian Arabic about Coral Reef Conservation,". This essay should be written in Algerian Arabic. You may use Google Translate to help you. You will need to copy and paste your essay into the Google Translate box, and then choose the Arabic translation. You may also use the Google Translate app on your phone. Please be aware that Google Translate is not perfect, and you may need to edit your essay to make it more accurate.",Middle,in {language_requested},Integrated
0.0,0.0,0.0,0.0,0.0,0.0,Write a 250 word essay about Coral Reef Conservation. Use Algerian Arabic.," The essay should be written in the first person, and you should use the first person pronoun (I, me, my, mine). Your essay should be based on the following questions:
1. What is the importance of coral reefs in the world?
2. What are the threats to coral reefs and how can they be prevented?
3. What can be done to conserve coral reefs?
4. What are the benefits of coral reef conservation?
5. How can you help in coral reef conservation?
6. What are the challenges faced by coral reef conservation?
7. What are the solutions to the challenges faced by coral reef conservation?
8",End,use {language_requested},Stand alone
0.0,0.0,0.0,0.0,0.0,0.0,Reply in Algerian Arabic. Create a recipe for a delicious and healthy vegan three-course meal., A 5- to 10-minute speech about a topic of your choice.,Start,reply in {language_requested},Stand alone
0.0,0.0,0.0,0.0,0.0,0.0,Create a recipe in Algerian Arabic for a delicious and healthy vegan three-course meal.," This recipe is for a vegan three-course meal, perfect for a special occasion or a dinner party. The first course is a vegan appetizer, the second course is a vegan main dish, and the third course is a vegan dessert. This recipe is easy to follow and requires only a few ingredients.
How To Create A Recipe In Algerian Arabic For A Delicious And Healthy Vegan Three Course Meal
In Algerian Arabic, a three-course meal is typically composed of a starter, main dish, and dessert. The starter can be anything from soup to salad to appetizers. The main dish is usually a meat or poultry dish, often served with",Middle,in {language_requested},Integrated
0.0,0.0,0.0,0.0,0.0,0.0,Create a recipe for a delicious and healthy vegan three-course meal. Respond in Algerian Arabic.," Include a list of ingredients and instructions.
In a large saucepan, heat the olive oil over medium heat. Add the onions and cook until they are translucent, about 5 minutes. Add the garlic and cook for another minute. Add the carrots and celery and cook for another 5 minutes. Add the lentils, vegetable broth, and spices and stir to combine. Bring to a boil, then reduce the heat to low and simmer for 30 minutes, or until the lentils are tender. Serve with a side of steamed vegetables and a slice of whole-grain bread.
In a large bowl, combine the quinoa, chick",End,respond in {language_requested},Stand alone
0.0,0.0,0.0,0.0,0.0,0.0,"Use Algerian Arabic. Turn this sentence into a metaphor: ""The night sky was a blanket of stars""."," For example, the word ""fear"" in Spanish is ""miedo,"" and in French it is ""peur."" The language of the Qur’an is Arabic. This is a good way to learn the language of the Qur’an. The language of the Qur’an is Arabic. The language of the Qur’an is Arabic. The language of the Qur’an is Arabic. The language of the Qur’an is Arabic. The language of the Qur’an is Arabic. The language of the Qur’an is Arabic. The language of the Qur’an is Arabic. The language of the Qur’an is Arabic. The language of the Qur’an is Arabic",Start,use {language_requested},Stand alone
0.0,0.0,0.0,0.0,0.0,0.0,"Turn this sentence into a metaphor in Algerian Arabic: ""The night sky was a blanket of stars""."," In the following box, type in the metaphor in Algerian Arabic, and then click the button to check your answer.",Middle,in {language_requested},Integrated
0.0,0.0,0.0,0.0,0.0,0.0,"Turn this sentence into a metaphor: ""The night sky was a blanket of stars"". Respond in Algerian Arabic.",,End,respond in {language_requested},Stand alone
0.0,0.0,0.0,0.0,0.0,0.0,Respond in Algerian Arabic. Write a 3-page article discussing the impact of COVID-19 on the global economy,. The article should include the following: Describe the impact of COVID-19 on the global economy. Analyze the impact of COVID-19 on the global economy. Discuss the potential long-term effects of COVID-19 on the global economy. Conclude the article by summarizing the main points and providing recommendations for how the global economy can recover from the pandemic. Use at least three scholarly sources to support your claims. Cite your sources in APA format on a separate page.,Start,respond in {language_requested},Stand alone
0.0,0.0,0.0,0.0,0.0,0.0,Write a 3-page article in Algerian Arabic discussing the impact of COVID-19 on the global economy," and the potential for economic recovery in Algeria.
The article should be written in a clear and concise manner, using appropriate vocabulary and grammar. It should be well-researched and include relevant statistics and examples to support your arguments.
Here is an example of a 3-page article in Algerian Arabic:
The Impact of COVID-19 on the Global Economy and the Potential for Economic Recovery in Algeria
The COVID-19 pandemic has had a devastating impact on the global economy, with countries around the world experiencing significant economic downturns. Algeria has not been immune to these effects, with the economy experiencing a sharp decline in growth and a rise in unemployment",Middle,in {language_requested},Integrated
0.0,0.0,0.0,0.0,0.0,0.0,Write a 3-page article discussing the impact of COVID-19 on the global economy. Answer in Algerian Arabic.," The article must be written in Algerian Arabic.
Write a 3-page article discussing the impact of COVID-19 on the global economy. Answer in Algerian Arabic. The article must be written in Algerian Arabic.
The global economy has been significantly impacted by the COVID-19 pandemic. The virus has disrupted supply chains, caused widespread economic shutdowns, and led to a global recession. The impact of COVID-19 on the global economy has been significant, and it is important to understand the full extent of the damage in order to develop effective strategies for recovery.
One of the most significant impacts of COVID-19 on the global economy has",End,answer in {language_requested},Stand alone
0.0,0.0,0.0,0.0,0.0,0.0,Use Algerian Arabic. Write a sample essay of 500 words on the topic of artificial intelligence.," It is a great way to connect with the audience and make the readers feel that they are in the story with you. The best way to write a story essay is to start with a good topic. You can choose a topic that you are passionate about or a topic that you know a lot about. Once you have a topic, you can start brainstorming ideas for your essay. You can also use a story essay outline to help you structure your essay.
Write a story essay
Writing a story essay is a great way to share your experiences and ideas with others. A story essay can be about anything that you are passionate about, and it",Start,use {language_requested},Stand alone
0.0,0.0,0.0,0.0,0.0,0.0,Write a sample essay in Algerian Arabic of 500 words on the topic of artificial intelligence.," Please keep the following points in mind:
  1. Use appropriate language and grammar, and ensure that your writing is clear and concise.
  2. Incorporate relevant examples and evidence to support your arguments.
  3. Use proper formatting and citation if necessary.
  4. Make sure your essay is well-organized and easy to follow.
Here is a sample essay in Algerian Arabic on the topic of artificial intelligence:
لقد أصبحت الذكاء الاصطناعي موضوعا شائعا في الآونة الأخيرة، ويعتبر أحد أهم التطورات في مجال التكنولوجيا.",Middle,in {language_requested},Integrated
0.0,0.0,0.0,0.0,0.0,0.0,Write a sample essay of 500 words on the topic of artificial intelligence. Respond in Algerian Arabic., Do not use any references.,End,respond in {language_requested},Stand alone
0.0,0.0,0.0,0.0,0.0,0.0,Reply in Algerian Arabic. Write a short persuasive essay about the importance of voting.," Write a short persuasive essay about the importance of voting. How to Write a Persuasive Essay. Persuasive essays are unique because they offer a specific point of view that the writer is trying to convince the reader to accept.
In the persuasive essay, the writer attempts to convince the reader that his or her opinion is right. The writer does this by using logic, facts, and evidence. The writer does this by using logic, facts, and evidence.
Persuasive Essay: The Importance of Voting. By. A persuasive essay is an essay used to convince a reader about a particular idea or focus, usually one that you believe in",Start,reply in {language_requested},Stand alone
0.0,0.0,0.0,0.0,0.0,0.0,Write a short persuasive essay in Algerian Arabic about the importance of voting.," Your essay should be 250 words long and should include at least 3 points to support your argument.
Voting is a fundamental right that allows citizens to have a say in the decisions that affect their lives. It is a powerful tool that can be used to hold leaders accountable and to shape the future of a country. In Algeria, voting is a crucial part of the democratic process, and it is important for citizens to exercise their right to vote.
One of the most important reasons to vote is that it allows citizens to have a voice in the decisions that affect their lives. By casting a ballot, individuals can express their opinions and preferences on",Middle,in {language_requested},Integrated
0.0,0.0,0.0,0.0,0.0,0.0,Write a short persuasive essay about the importance of voting. Write in Algerian Arabic.," Please include the following information in your essay:
1. Who is eligible to vote in Algeria?
2. What are the main political parties in Algeria?
3. What are the main issues in the upcoming election?
4. Why is it important for Algerians to vote?
5. What can Algerians do to encourage others to vote?
6. What are the consequences of not voting in Algeria?
7. What are the benefits of voting in Algeria?
8. What can the government do to encourage more people to vote?
9. What can the media do to encourage more people to vote?
10. What can the education system do to encourage",End,write in {language_requested},Stand alone
0.0,0.0,0.0,0.0,0.0,0.0,Use Algerian Arabic. Generate a blog post of at least 500 words about machine learning., Include at least one image.,Start,use {language_requested},Stand alone
0.0,0.0,0.0,0.0,0.0,0.0,Generate a blog post in Algerian Arabic of at least 500 words about machine learning.," Use the following prompts to help you generate ideas:
1. What is machine learning and how does it work?
2. How is machine learning being used in Algerian Arabic?
3. What are the benefits of using machine learning in Algerian Arabic?
4. What are some of the challenges of using machine learning in Algerian Arabic?
5. What are some of the potential applications of machine learning in Algerian Arabic?
6. What are some of the ethical considerations of using machine learning in Algerian Arabic?
7. What are some of the future directions for machine learning in Algerian Arabic?
Use the following keywords to help you generate ideas",Middle,in {language_requested},Integrated
0.0,0.0,0.0,0.0,0.0,0.0,Generate a blog post of at least 500 words about machine learning. Write in Algerian Arabic., The blog post must contain at least three images and one video. The video must be at least 30 seconds long. The images must be at least 500x500 pixels in size. The blog post must be written in Algerian Arabic and must be original. The blog post must be written in Algerian Arabic and must be original. The blog post must be written in Algerian Arabic and must be original. The blog post must be written in Algerian Arabic and must be original. The blog post must be written in Algerian Arabic and must be original. The blog post must be written in Algerian Arabic and must be original.,End,write in {language_requested},Stand alone
0.0,0.0,0.0,0.0,0.0,0.0,Reply in Algerian Arabic. Write a blog post discussing the key ethical considerations of AI autonomous weapons.," A group of people who are not allowed to enter a particular place or area are called banned. The word is derived from the Arabic word al-Jazā’ir, which means ""The Islands"", due to the many islands situated along the coast. In 2011, the government of Algeria announced a new national strategy for the development of renewable energy resources, including wind power. In 2016, Algeria ranked 101st out of 176 countries in the Global Gender Gap Report. [citation needed], The majority of Algerians are Sunni Muslims of Arab-Berber descent. [citation needed], The Algerian government has been criticized",Start,reply in {language_requested},Stand alone
0.0,0.0,0.0,0.0,0.0,0.0,Write a blog post in Algerian Arabic discussing the key ethical considerations of AI autonomous weapons.," Include examples of how AI could be used for good and bad in this context. Use at least two sources to support your points.
The ethical considerations of AI autonomous weapons are complex and multifaceted. On one hand, the use of AI for weapons systems can potentially reduce human error and increase accuracy, making warfare more efficient and less costly in terms of human lives. On the other hand, the development and deployment of such weapons raises significant ethical concerns, including the potential for misuse, unintended consequences, and the dehumanization of warfare.
One key ethical consideration is the potential for AI autonomous weapons to be used in ways that violate international law and",Middle,in {language_requested},Integrated
0.0,0.0,0.0,0.0,0.0,0.0,Write a blog post discussing the key ethical considerations of AI autonomous weapons. Respond in Algerian Arabic.," Your post should be at least 300 words.
Artificial intelligence (AI) autonomous weapons are a type of weapon that is designed to operate without human intervention. These weapons are equipped with sensors, cameras, and other technologies that allow them to detect and engage targets autonomously. The use of AI in autonomous weapons raises a number of ethical considerations, including issues related to accountability, transparency, and the potential for unintended consequences.
One of the key ethical considerations of AI autonomous weapons is the issue of accountability. Who is responsible for the actions of these weapons? If an autonomous weapon engages a target without human oversight, who is responsible for the decision to",End,respond in {language_requested},Stand alone
0.0,0.0,0.0,0.0,0.0,0.0,Reply in Algerian Arabic. Generate a scientific report of  900 words discussing the effects of global warming on the Arctic,". The report should include the following sections: Introduction, Method, Results, and Discussion. Use the following references: 1. https://www.nature.com/articles/nclimate3161 2. https://www.sciencedirect.com/science/article/abs/pii/S0169534715000446 3. https://www.sciencedirect.com/science/article/abs/pii/S0169534715000446 4. https://www.sciencedirect.com/science/article/abs/pii/S0169534715000446 5. https://www.sciencedirect.com/science/article/abs",Start,reply in {language_requested},Stand alone
0.0,0.0,0.0,0.0,0.0,0.0,Generate a scientific report in Algerian Arabic of  900 words discussing the effects of global warming on the Arctic," sea ice, the causes of global warming, the effect of global warming on the world and the effects of global warming on the environment. The report should be written in Algerian Arabic and should include the following sections:
1. Introduction: Introduce the topic of global warming and the effects of global warming on the Arctic sea ice.
2. Causes of global warming: Discuss the causes of global warming, including human activities such as burning fossil fuels and deforestation.
3. Effects of global warming on the world: Discuss the effects of global warming on the world, including changes in climate, sea level rise, and extreme weather events.
4.",Middle,in {language_requested},Integrated
0.0,0.0,0.0,0.0,0.0,0.0,Generate a scientific report of  900 words discussing the effects of global warming on the Arctic. Use Algerian Arabic.," Your report should be written in the past tense.
Your report should include the following:
A description of the effects of global warming on the Arctic
A discussion of how the effects of global warming on the Arctic have impacted the environment, the economy, and the people of the Arctic
A discussion of the causes of global warming
A discussion of the potential solutions to global warming
A conclusion that summarizes your findings and offers recommendations for future action
Your report should be written in a clear, concise, and professional manner. Use APA formatting for citations and references.
Global warming is the increase in the average temperature of the Earth’s atmosphere and oceans,",End,use {language_requested},Stand alone
0.0,0.0,0.0,0.0,0.0,0.0,Write in Algerian Arabic. Create a story for a children's book about a crocodile., Use the story to teach children about the environment.,Start,write in {language_requested},Stand alone
